gender,age,10th,12th,bachelors,masters,score_ielts,workexp,no_backlogs,gap_years,financial_score,re_application_count,stream,country,institution,course,visa_status
0,37,5.2,6.2,0,0,6.5,0,0,0,32,2,1,1,1102,1,0
1,30,6.8,6.7,0,0,7,0,0,0,45,1,1,1,1102,1,0
1,35,5.9,5.7,0,0,7,0,0,0,57,1,1,1,1101,1,0
0,35,5.8,7,0,0,6.5,0,0,0,52,2,1,1,1103,1,0
1,33,4.5,4.1,0,0,7,0,0,0,33,3,1,1,1102,1,0
1,33,5.6,6.9,0,0,6.5,0,0,0,42,2,1,1,1104,1,0
1,32,5.4,5.1,0,0,6.5,0,0,0,34,3,1,1,1103,1,0
0,36,4.5,4.4,0,0,7,0,0,0,44,2,1,1,1103,1,0
1,33,6.6,6.3,0,0,7,0,0,0,39,2,1,1,1101,1,0
0,35,6.7,6,0,0,6.5,0,0,0,35,3,1,1,1102,1,0
0,35,4,7,0,0,6.5,0,0,0,35,2,1,1,1102,1,0
1,31,6.8,4.6,0,0,7,0,0,0,52,2,1,1,1102,1,0
1,33,5.4,5.1,0,0,7,0,0,0,30,2,1,1,1101,1,0
1,31,6.1,4.5,0,0,7,0,0,0,53,1,1,1,1101,1,0
1,34,5.2,6.3,0,0,6.5,0,0,0,50,3,1,1,1101,1,0
0,36,6.4,4.9,0,0,7,0,0,0,36,2,1,1,1104,1,0
0,37,5.4,6.3,0,0,7,0,0,0,46,1,1,1,1102,1,0
0,31,6.2,6.1,0,0,6.5,0,0,0,39,1,1,1,1102,1,0
1,31,4.3,4.3,0,0,6.5,0,0,0,34,3,1,1,1102,1,0
0,22,9.6,7.7,0,0,8.5,0,0,0,63,0,1,1,1101,1,1
0,20,7.5,7.6,0,0,7,0,0,0,64,0,1,1,1104,1,1
1,20,8.4,9.2,0,0,8.5,0,0,0,72,0,1,1,1104,1,1
1,27,8.7,8.6,0,0,8,0,0,0,62,0,1,1,1101,1,1
1,30,7.3,8.2,0,0,7.5,0,0,0,72,0,1,1,1102,1,1
0,23,8.7,8.8,0,0,8,0,0,0,73,0,1,1,1103,1,1
0,26,8.2,8.4,0,0,7.5,0,0,0,73,0,1,1,1101,1,1
1,29,8.7,8.2,0,0,7,0,0,0,79,0,1,1,1104,1,1
1,27,8.5,8,0,0,8,0,0,0,77,0,1,1,1102,1,1
1,27,7.4,9.3,0,0,7.5,0,0,0,63,0,1,1,1104,1,1
1,19,9.1,9.3,0,0,7.5,0,0,0,77,0,1,1,1104,1,1
0,19,9,8.1,0,0,8.5,0,0,0,70,0,1,1,1102,1,1
1,18,7.3,8,0,0,7.5,0,0,0,78,0,1,1,1104,1,1
1,23,8,9.6,0,0,7.5,0,0,0,63,0,1,1,1104,1,1
1,24,8.2,8.2,0,0,7.5,0,0,0,75,0,1,1,1103,1,1
0,22,8,7.2,0,0,7.5,0,0,0,69,0,1,1,1103,1,1
0,29,8.2,7.2,0,0,7,0,0,0,77,0,1,1,1104,1,1
0,30,9,9.4,0,0,7.5,0,0,0,75,0,1,1,1103,1,1
1,18,7.2,7.8,0,0,7,0,0,0,77,0,1,1,1101,1,1
1,24,7.5,7.2,0,0,7.5,0,0,0,68,0,1,1,1102,1,1
0,24,8.1,7.7,0,0,7.5,0,0,0,80,0,1,1,1103,1,1
1,30,8,7.6,0,0,7,0,0,0,63,0,1,1,1101,1,1
1,24,7.8,7.9,0,0,7.5,0,0,0,75,0,1,1,1104,1,1
1,23,8.4,7.3,0,0,8.5,0,0,0,60,0,1,1,1103,1,1
0,19,9.5,9.5,0,0,8.5,0,0,0,63,0,1,1,1103,1,1
1,28,7.6,7.3,0,0,7.5,0,0,0,76,0,1,1,1104,1,1
0,29,8.5,9.5,0,0,8.5,0,0,0,74,0,1,1,1101,1,1
1,24,9.1,7.3,0,0,8,0,0,0,63,0,1,1,1101,1,1
0,20,7.9,8.4,0,0,8.5,0,0,0,76,0,1,1,1104,1,1
0,18,9.7,7.6,0,0,8,0,0,0,75,0,1,1,1102,1,1
0,25,9.4,9.4,0,0,7,0,0,0,61,0,1,1,1102,1,1
0,24,7.6,9.5,0,0,6.5,0,0,0,78,0,1,1,1102,1,1
1,25,9.1,9.5,0,0,7.5,0,0,0,78,0,1,1,1102,1,1
0,28,8,7.6,0,0,8,0,0,0,68,0,1,1,1102,1,1
0,18,9.6,8.8,0,0,8,0,0,0,75,0,1,1,1104,1,1
0,29,8,7.6,0,0,6.5,0,0,0,62,0,1,1,1101,1,1
0,20,7.1,7.9,0,0,7.5,0,0,0,65,0,1,1,1104,1,1
1,29,8,7.8,0,0,7,0,0,0,64,0,1,1,1101,1,1
1,22,8,8.3,0,0,7.5,0,0,0,78,0,1,1,1101,1,1
0,25,7.7,9.2,0,0,6.5,0,0,0,62,0,1,1,1103,1,1
0,21,8.9,9.8,0,0,6.5,0,0,0,64,0,1,1,1103,1,1
1,23,9.2,8.2,0,0,7.5,0,0,0,80,0,1,1,1104,1,1
0,22,9.1,8.1,0,0,8,0,0,0,75,0,1,1,1103,1,1
1,22,7.4,7.3,0,0,8,0,0,0,68,0,1,1,1104,1,1
0,27,8.1,8.5,0,0,8,0,0,0,74,0,1,1,1101,1,1
1,24,9,9.5,0,0,7.5,0,0,0,70,0,1,1,1103,1,1
1,22,8.7,8.9,0,0,6.5,0,0,0,64,0,1,1,1103,1,1
1,25,7.7,8.8,0,0,7,0,0,0,66,0,1,1,1103,1,1
1,20,9.7,7,0,0,8,0,0,0,70,0,1,1,1102,1,1
1,20,9,9.5,0,0,8.5,0,0,0,61,0,1,1,1103,1,1
1,19,7.4,9.1,0,0,6.5,0,0,0,76,0,1,1,1103,1,1
0,30,7.7,7.8,0,0,6.5,0,0,0,68,0,1,1,1103,1,1
0,18,7.3,7.7,0,0,8,0,0,0,79,0,1,1,1101,1,1
0,29,7.3,7.5,0,0,7,0,0,0,68,0,1,1,1103,1,1
1,19,7.3,9.1,0,0,7,0,0,0,73,0,1,1,1102,1,1
0,22,7.7,7.5,0,0,6.5,0,0,0,65,0,1,1,1103,1,1
1,34,6.4,6.2,0,0,6.5,0,0,0,44,3,2,1,1204,1,0
0,31,5.1,5.2,0,0,7,0,0,0,47,2,2,1,1201,1,0
1,34,6.2,4.4,0,0,7,0,0,0,52,2,2,1,1201,1,0
1,37,4.1,5.1,0,0,6.5,0,0,0,37,2,2,1,1202,1,0
1,35,6.3,4.8,0,0,7,0,0,0,33,2,2,1,1204,1,0
1,36,6.6,6,0,0,7,0,0,0,55,2,2,1,1202,1,0
1,38,4,6,0,0,6.5,0,0,0,42,2,2,1,1202,1,0
0,33,4.4,5.2,0,0,6.5,0,0,0,59,2,2,1,1202,1,0
1,30,6.9,4.1,0,0,6.5,0,0,0,39,1,2,1,1201,1,0
1,35,6.5,6.2,0,0,6.5,0,0,0,31,2,2,1,1204,1,0
0,19,9.5,9.4,0,0,7,0,0,0,62,0,2,1,1203,1,1
1,23,8.8,8.1,0,0,7,0,0,0,61,0,2,1,1204,1,1
0,22,9.1,9.6,0,0,7.5,0,0,0,76,0,2,1,1202,1,1
1,22,9.3,7.7,0,0,6.5,0,0,0,61,0,2,1,1201,1,1
1,25,8.5,7.3,0,0,7,0,0,0,69,0,2,1,1201,1,1
0,27,7.8,8.7,0,0,6.5,0,0,0,64,0,2,1,1202,1,1
1,20,9.6,7.3,0,0,8,0,0,0,62,0,2,1,1203,1,1
1,38,6.6,4.6,0,0,6.5,0,0,0,30,2,3,1,1303,1,0
0,31,5.5,6.1,0,0,6.5,0,0,0,59,2,3,1,1301,1,0
1,38,6.2,5.6,0,0,7,0,0,0,45,3,3,1,1303,1,0
1,35,4.3,6.4,0,0,7,0,0,0,51,3,3,1,1304,1,0
0,36,6.9,5.1,0,0,6.5,0,0,0,37,1,3,1,1301,1,0
1,35,5.1,6.9,0,0,7,0,0,0,41,2,3,1,1303,1,0
1,30,5.6,4.1,0,0,6.5,0,0,0,45,2,3,1,1301,1,0
0,32,4.6,5.7,0,0,6.5,0,0,0,52,1,3,1,1303,1,0
0,34,5.1,6.3,0,0,7,0,0,0,41,2,3,1,1301,1,0
0,37,4.8,6.8,0,0,6.5,0,0,0,37,1,3,1,1303,1,0
1,37,5.6,5.1,0,0,7,0,0,0,41,3,3,1,1301,1,0
0,34,5.2,4,0,0,7,0,0,0,45,1,3,1,1303,1,0
0,27,9.2,9,0,0,7.5,0,0,0,67,0,3,1,1303,1,1
0,23,9.2,9.7,0,0,7.5,0,0,0,61,0,3,1,1302,1,1
0,27,7.9,8.5,0,0,6.5,0,0,0,65,0,3,1,1304,1,1
0,20,8.3,8.8,0,0,6.5,0,0,0,63,0,3,1,1302,1,1
1,27,8.6,9.7,0,0,8,0,0,0,64,0,3,1,1303,1,1
1,21,7.9,9.7,0,0,8,0,0,0,70,0,3,1,1303,1,1
0,20,7.6,7.1,0,0,8,0,0,0,69,0,3,1,1304,1,1
1,28,7.9,7.1,0,0,8,0,0,0,77,0,3,1,1303,1,1
1,22,8.2,8.7,0,0,7,0,0,0,63,0,3,1,1302,1,1
1,26,8.8,9.1,0,0,7,0,0,0,80,0,3,1,1304,1,1
1,22,7,9.6,0,0,7,0,0,0,65,0,3,1,1302,1,1
1,22,8.9,9.6,0,0,8,0,0,0,62,0,3,1,1303,1,1
1,19,7.5,9.1,0,0,8.5,0,0,0,61,0,3,1,1301,1,1
1,22,7.9,8.4,0,0,6.5,0,0,0,62,0,3,1,1301,1,1
1,23,9.6,9.1,0,0,6.5,0,0,0,73,0,3,1,1304,1,1
0,26,9.6,7.7,0,0,7.5,0,0,0,79,0,3,1,1303,1,1
0,18,7,7.1,0,0,7,0,0,0,74,0,3,1,1304,1,1
0,29,8,9.2,0,0,7,0,0,0,64,0,3,1,1301,1,1
0,23,8.8,7.4,0,0,8,0,0,0,73,0,3,1,1303,1,1
1,18,9.8,9.4,0,0,7,0,0,0,61,0,3,1,1301,1,1
1,25,9.5,7.1,0,0,7,0,0,0,65,0,3,1,1302,1,1
0,18,7.1,7,0,0,7,0,0,0,72,0,3,1,1303,1,1
1,22,8,8.3,0,0,7.5,0,0,0,73,0,3,1,1304,1,1
1,19,8.4,7.1,0,0,7,0,0,0,79,0,3,1,1303,1,1
1,30,8.7,7.2,0,0,8,0,0,0,80,0,3,1,1302,1,1
0,19,8.6,7.8,0,0,8.5,0,0,0,61,0,3,1,1302,1,1
0,24,7.6,9.7,0,0,7.5,0,0,0,66,0,3,1,1302,1,1
1,29,7.7,7.1,0,0,8,0,0,0,66,0,3,1,1302,1,1
0,28,9.3,8.5,0,0,7,0,0,0,71,0,3,1,1302,1,1
1,30,7.7,8.2,0,0,7.5,0,0,0,68,0,3,1,1304,1,1
1,34,5.1,4.9,0,0,6.5,0,0,0,37,2,4,1,1404,1,0
1,31,5.2,6,0,0,6.5,0,0,0,36,1,4,1,1403,1,0
0,32,4.2,4.6,0,0,7,0,0,0,32,2,4,1,1401,1,0
0,35,6,4.6,0,0,6.5,0,0,0,47,1,4,1,1404,1,0
1,30,6.6,4.1,0,0,7,0,0,0,46,2,4,1,1402,1,0
0,34,5.1,4.8,0,0,7,0,0,0,58,3,4,1,1403,1,0
1,35,5.8,4.2,0,0,7,0,0,0,52,1,4,1,1403,1,0
0,33,5,5.6,0,0,7,0,0,0,50,3,4,1,1402,1,0
0,31,5.9,6.6,0,0,7,0,0,0,56,2,4,1,1403,1,0
1,33,6.8,6.9,0,0,7,0,0,0,48,3,4,1,1404,1,0
1,38,4.4,5.1,0,0,6.5,0,0,0,32,2,4,1,1401,1,0
0,38,4.3,4,0,0,6.5,0,0,0,58,2,4,1,1403,1,0
1,33,5.2,7,0,0,7,0,0,0,41,2,4,1,1403,1,0
1,38,4.4,5.1,0,0,6.5,0,0,0,38,3,4,1,1401,1,0
1,37,4.5,4.3,0,0,6.5,0,0,0,51,2,4,1,1402,1,0
0,31,4.1,4.5,0,0,7,0,0,0,31,1,4,1,1402,1,0
1,33,5.3,4.4,0,0,7,0,0,0,52,1,4,1,1403,1,0
1,27,7.3,9.7,0,0,8,0,0,0,80,0,4,1,1402,1,1
1,18,7.6,7.6,0,0,7.5,0,0,0,60,0,4,1,1402,1,1
0,25,8.4,7.1,0,0,7,0,0,0,68,0,4,1,1401,1,1
0,24,9.4,9.7,0,0,8,0,0,0,65,0,4,1,1404,1,1
0,19,8.2,7.3,0,0,8,0,0,0,62,0,4,1,1401,1,1
0,27,7.7,8.2,0,0,8,0,0,0,75,0,4,1,1404,1,1
1,22,8.3,9,0,0,6.5,0,0,0,69,0,4,1,1402,1,1
1,21,8.5,9.7,0,0,7,0,0,0,73,0,4,1,1403,1,1
1,18,9.3,8.8,0,0,8,0,0,0,63,0,4,1,1401,1,1
0,26,8.7,8.1,0,0,7.5,0,0,0,69,0,4,1,1401,1,1
0,24,8.6,9.4,0,0,8,0,0,0,71,0,4,1,1403,1,1
0,24,9.7,9.6,0,0,7,0,0,0,78,0,4,1,1401,1,1
0,20,7.5,9.5,0,0,7.5,0,0,0,71,0,4,1,1403,1,1
0,27,7.6,7.3,0,0,7,0,0,0,79,0,4,1,1401,1,1
1,19,8.3,7.5,0,0,7,0,0,0,77,0,4,1,1402,1,1
0,23,8.1,9.8,0,0,7,0,0,0,79,0,4,1,1401,1,1
0,24,7.4,7.6,0,0,7.5,0,0,0,70,0,4,1,1404,1,1
1,30,8.7,9.8,0,0,6.5,0,0,0,74,0,4,1,1403,1,1
0,20,7.8,8.1,0,0,7.5,0,0,0,64,0,4,1,1402,1,1
0,18,8.4,8.2,0,0,8,0,0,0,80,0,4,1,1404,1,1
0,24,9.2,9.1,0,0,8.5,0,0,0,65,0,4,1,1403,1,1
0,30,8.2,8.4,0,0,8,0,0,0,72,0,4,1,1403,1,1
0,23,7.3,8.1,0,0,8,0,0,0,78,0,4,1,1402,1,1
0,28,9.6,8.6,0,0,6.5,0,0,0,62,0,4,1,1404,1,1
1,28,7,9,0,0,8,0,0,0,69,0,4,1,1402,1,1
0,18,8.5,8.3,0,0,8,0,0,0,77,0,4,1,1404,1,1
1,20,8.7,7.3,0,0,8,0,0,0,64,0,4,1,1402,1,1
0,24,8.3,8.4,0,0,7.5,0,0,0,73,0,4,1,1401,1,1
1,23,7.5,8.7,0,0,7.5,0,0,0,80,0,4,1,1402,1,1
0,19,9.2,7.2,0,0,7.5,0,0,0,67,0,4,1,1402,1,1
1,25,9,9.3,0,0,7,0,0,0,71,0,4,1,1404,1,1
1,30,8.1,9.3,0,0,8,0,0,0,72,0,4,1,1402,1,1
0,27,7.5,7.1,0,0,7,0,0,0,72,0,4,1,1402,1,1
1,24,9.7,9.2,0,0,7.5,0,0,0,65,0,4,1,1402,1,1
0,27,7.9,9.7,0,0,8,0,0,0,66,0,4,1,1403,1,1
1,29,8.4,8.8,0,0,8.5,0,0,0,68,0,4,1,1401,1,1
1,21,8.7,9.7,0,0,7,0,0,0,67,0,4,1,1401,1,1
1,20,7.7,8.2,0,0,6.5,0,0,0,73,0,4,1,1403,1,1
0,20,8.2,7.4,0,0,7,0,0,0,69,0,4,1,1401,1,1
1,25,8.6,8.3,0,0,8,0,0,0,61,0,4,1,1402,1,1
1,19,7.7,8.7,0,0,6.5,0,0,0,69,0,4,1,1403,1,1
1,19,7.3,8.2,0,0,7.5,0,0,0,64,0,4,1,1404,1,1
1,23,9.6,9.1,0,0,8,0,0,0,60,0,4,1,1402,1,1
1,18,9.2,8.7,0,0,8,0,0,0,60,0,4,1,1403,1,1
0,29,9.6,8.7,0,0,8,0,0,0,76,0,4,1,1402,1,1
1,21,9.3,7.2,0,0,7,0,0,0,63,0,4,1,1401,1,1
1,24,7.5,8.4,0,0,7,0,0,0,62,0,4,1,1402,1,1
1,28,7.8,9.1,0,0,8.5,0,0,0,78,0,4,1,1403,1,1
1,18,7.7,9.1,0,0,7,0,0,0,77,0,4,1,1404,1,1
1,30,9,7.7,0,0,6.5,0,0,0,78,0,4,1,1401,1,1
0,30,7.6,7.9,0,0,8,0,0,0,67,0,4,1,1401,1,1
1,30,5.5,5.4,0,0,6.5,0,0,0,57,1,5,1,1503,1,0
0,37,7,5.9,0,0,7,0,0,0,36,2,5,1,1501,1,0
0,38,4.6,5.7,0,0,7,0,0,0,50,3,5,1,1503,1,0
1,35,4.6,6.2,0,0,7,0,0,0,40,3,5,1,1504,1,0
0,35,5.8,5.5,0,0,7,0,0,0,32,2,5,1,1503,1,0
1,37,6.3,6.4,0,0,7,0,0,0,33,2,5,1,1501,1,0
0,35,4.3,4.8,0,0,6.5,0,0,0,48,3,5,1,1503,1,0
0,31,4.3,4,0,0,7,0,0,0,41,3,5,1,1502,1,0
0,36,6.5,4.5,0,0,7,0,0,0,55,1,5,1,1501,1,0
0,26,8,7.3,0,0,6.5,0,0,0,67,0,5,1,1503,1,1
1,21,8.1,7.3,0,0,8.5,0,0,0,76,0,5,1,1503,1,1
1,19,8.3,7,0,0,8.5,0,0,0,67,0,5,1,1503,1,1
1,24,8.5,8.8,0,0,6.5,0,0,0,63,0,5,1,1503,1,1
1,21,9.6,9,0,0,7,0,0,0,77,0,5,1,1503,1,1
0,29,9.1,9.2,0,0,7.5,0,0,0,69,0,5,1,1502,1,1
0,24,7.8,8.1,0,0,7.5,0,0,0,67,0,5,1,1504,1,1
0,19,9,9.6,0,0,7,0,0,0,79,0,5,1,1504,1,1
0,18,7.8,9.6,0,0,8,0,0,0,70,0,5,1,1501,1,1
0,24,9,7.1,0,0,7,0,0,0,75,0,5,1,1501,1,1
1,18,8.5,8.3,0,0,7.5,0,0,0,60,0,5,1,1501,1,1
0,24,8,8.9,0,0,7.5,0,0,0,69,0,5,1,1503,1,1
1,35,6.3,4.6,0,0,6.5,0,0,0,51,1,1,2,2101,1,0
0,33,5.6,5.1,0,0,7,0,0,0,38,3,1,2,2102,1,0
0,35,5.3,6.2,0,0,7,0,0,0,57,1,1,2,2101,1,0
1,35,6.2,5.7,0,0,7,0,0,0,51,2,1,2,2101,1,0
0,32,6.9,6,0,0,6.5,0,0,0,46,2,1,2,2101,1,0
0,38,5.3,4,0,0,6.5,0,0,0,39,1,1,2,2101,1,0
1,34,5.6,4,0,0,7,0,0,0,37,1,1,2,2102,1,0
0,35,5,4.5,0,0,6.5,0,0,0,48,3,1,2,2101,1,0
1,34,4.1,5.2,0,0,7,0,0,0,57,2,1,2,2102,1,0
1,38,5,6.3,0,0,7,0,0,0,43,1,1,2,2102,1,0
1,35,6.6,6.6,0,0,6.5,0,0,0,36,2,1,2,2101,1,0
1,36,6.6,6.9,0,0,6.5,0,0,0,51,2,1,2,2101,1,0
1,34,6.4,5.8,0,0,7,0,0,0,57,3,1,2,2101,1,0
0,34,4.9,5.7,0,0,6.5,0,0,0,34,3,1,2,2102,1,0
0,33,6.9,5.3,0,0,6.5,0,0,0,56,1,1,2,2102,1,0
1,37,4.3,4.6,0,0,6,0,0,0,31,1,1,2,2101,1,0
0,31,5.7,5.4,0,0,6,0,0,0,32,2,1,2,2101,1,0
0,30,6.4,4.3,0,0,6,0,0,0,39,2,1,2,2101,1,0
1,37,4.4,5.3,0,0,6,0,0,0,31,2,1,2,2102,1,0
0,30,5,5.3,0,0,6,0,0,0,42,2,1,2,2101,1,0
1,30,5.6,7,0,0,7,0,0,0,58,2,1,2,2102,1,0
0,34,6.6,5,0,0,7,0,0,0,50,3,1,2,2102,1,0
0,37,5.3,6.8,0,0,7,0,0,0,59,2,1,2,2101,1,0
1,30,7,6.8,0,0,6,0,0,0,59,3,1,2,2101,1,0
1,37,4.6,5.8,0,0,7,0,0,0,52,1,1,2,2102,1,0
1,21,7.6,8.4,0,0,6,0,0,0,69,0,1,2,2102,1,1
1,24,7.2,9.7,0,0,6,0,0,0,73,0,1,2,2101,1,1
1,25,7.6,9,0,0,7.5,0,0,0,70,0,1,2,2102,1,1
0,28,8.4,7.6,0,0,7,0,0,0,77,0,1,2,2102,1,1
1,25,8.3,9,0,0,7,0,0,0,65,0,1,2,2102,1,1
1,28,8.3,7.6,0,0,7,0,0,0,71,0,1,2,2102,1,1
1,24,8.5,8,0,0,6.5,0,0,0,76,0,1,2,2101,1,1
0,28,8,8.2,0,0,8,0,0,0,79,0,1,2,2101,1,1
0,30,9.3,8,0,0,6.5,0,0,0,73,0,1,2,2102,1,1
0,23,9.1,7.1,0,0,7,0,0,0,62,0,1,2,2102,1,1
0,23,7.1,7.9,0,0,8,0,0,0,73,0,1,2,2101,1,1
0,28,8.7,9.6,0,0,8.5,0,0,0,60,0,1,2,2101,1,1
1,23,7,9.2,0,0,8.5,0,0,0,61,0,1,2,2101,1,1
0,26,8.3,9.6,0,0,8,0,0,0,66,0,1,2,2101,1,1
1,22,7,9.6,0,0,6.5,0,0,0,61,0,1,2,2101,1,1
0,24,7.2,7.3,0,0,7.5,0,0,0,78,0,1,2,2102,1,1
1,27,7.5,8.1,0,0,8,0,0,0,71,0,1,2,2102,1,1
0,28,9.7,8.1,0,0,7.5,0,0,0,62,0,1,2,2102,1,1
1,19,8.6,8.9,0,0,8,0,0,0,64,0,1,2,2101,1,1
1,23,8.8,9.4,0,0,7.5,0,0,0,65,0,1,2,2101,1,1
0,24,8.3,7.3,0,0,7,0,0,0,63,0,1,2,2102,1,1
0,29,7.2,9.4,0,0,8.5,0,0,0,62,0,1,2,2102,1,1
1,29,7.8,9.6,0,0,6.5,0,0,0,62,0,1,2,2101,1,1
0,21,7.5,8.1,0,0,8,0,0,0,66,0,1,2,2102,1,1
0,23,7.7,9,0,0,6.5,0,0,0,69,0,1,2,2102,1,1
1,27,7.4,7.3,0,0,6,0,0,0,65,0,1,2,2102,1,1
0,29,8.7,8.5,0,0,7,0,0,0,62,0,1,2,2101,2,1
1,23,7.4,8.2,0,0,7,0,0,0,78,0,1,2,2101,2,1
0,29,8.1,8.2,0,0,6.5,0,0,0,61,0,1,2,2102,2,1
0,23,8.2,7.5,0,0,7,0,0,0,66,0,1,2,2102,2,1
1,27,9.7,7.2,0,0,7,0,0,0,70,0,1,2,2101,2,1
0,30,7.4,9.7,0,0,7.5,0,0,0,77,0,1,2,2101,2,1
1,28,7.5,7.8,0,0,6.5,0,0,0,76,0,1,2,2102,2,1
1,28,9.5,7.7,0,0,6,0,0,0,64,0,1,2,2101,2,1
0,28,7.5,9,0,0,6.5,0,0,0,72,0,1,2,2102,2,1
1,29,7.7,7.9,0,0,7.5,0,0,0,77,0,1,2,2101,2,1
0,30,8.6,9.4,0,0,6.5,0,0,0,63,0,1,2,2101,2,1
1,27,9.6,9.4,0,0,7,0,0,0,66,0,1,2,2101,2,1
1,21,7.2,8.2,0,0,7.5,0,0,0,69,0,1,2,2101,2,1
0,23,7.1,7.5,0,0,7.5,0,0,0,70,0,1,2,2101,2,1
1,24,8.4,7.6,0,0,8,0,0,0,75,0,1,2,2102,2,1
1,25,9.1,8.4,0,0,8,0,0,0,62,0,1,2,2102,2,1
1,19,9.2,9.7,0,0,6.5,0,0,0,65,0,1,2,2102,2,1
0,21,9.2,8.4,0,0,8,0,0,0,76,0,1,2,2101,2,1
1,21,7.6,8.5,0,0,7,0,0,0,62,0,1,2,2102,2,1
1,27,8.4,9,0,0,6.5,0,0,0,67,0,1,2,2102,2,1
1,23,9.7,9.5,0,0,7,0,0,0,69,0,1,2,2102,2,1
1,26,7.1,8.5,0,0,6.5,0,0,0,62,0,1,2,2101,2,1
0,20,7.3,8.9,0,0,7.5,0,0,0,63,0,1,2,2102,2,1
0,25,8.1,8.5,0,0,6.5,0,0,0,76,0,1,2,2102,2,1
1,22,9.2,8.5,0,0,6.5,0,0,0,75,0,1,2,2102,2,1
0,18,9.5,7.3,0,0,7.5,0,0,0,80,0,1,2,2101,2,1
1,28,7.6,8.2,0,0,8,0,0,0,76,0,1,2,2101,2,1
0,30,7.7,8.8,0,0,7,0,0,0,67,0,1,2,2101,2,1
1,25,7,9.1,0,0,7.5,0,0,0,76,0,1,2,2102,2,1
0,20,8.3,9.4,0,0,6.5,0,0,0,71,0,1,2,2102,2,1
1,25,8.1,8.9,0,0,7,0,0,0,75,0,1,2,2102,2,1
0,20,9.7,7.6,0,0,8.5,0,0,0,72,0,1,2,2101,2,1
0,25,7.9,8,0,0,7.5,0,0,0,62,0,1,2,2101,2,1
0,24,9.1,7.5,0,0,7.5,0,0,0,74,0,1,2,2101,2,1
0,22,8.5,9.7,0,0,8,0,0,0,62,0,1,2,2102,2,1
0,23,8.3,7.7,0,0,7,0,0,0,64,0,1,2,2101,2,1
0,26,9.4,8.6,0,0,8.5,0,0,0,65,0,1,2,2102,2,1
0,21,8.9,8.5,0,0,7.5,0,0,0,69,0,1,2,2102,2,1
1,30,7.2,7.3,0,0,8,0,0,0,68,0,1,2,2102,2,1
1,20,8.2,7.5,0,0,8,0,0,0,70,0,1,2,2101,2,1
0,22,7.5,8.9,0,0,7,0,0,0,75,0,1,2,2102,2,1
1,28,8.2,7.4,0,0,7.5,0,0,0,80,0,1,2,2102,2,1
1,24,9.1,7,0,0,7,0,0,0,65,0,1,2,2102,2,1
0,25,8.4,8.8,0,0,6.5,0,0,0,65,0,1,2,2101,2,1
0,24,9.1,9.3,0,0,7,0,0,0,69,0,1,2,2101,2,1
0,23,9.4,7.6,0,0,8.5,0,0,0,74,0,1,2,2102,2,1
0,24,9,9.5,0,0,7,0,0,0,78,0,1,2,2101,2,1
1,30,6.2,4.7,0,0,7,0,0,0,54,2,2,2,2201,2,0
0,35,5.8,5.7,0,0,6.5,0,0,0,52,2,2,2,2201,2,0
0,38,4.6,5.4,0,0,7,0,0,0,53,2,2,2,2201,2,0
1,33,6.3,6.5,0,0,6.5,0,0,0,33,2,2,2,2201,2,0
0,37,6.5,6.7,0,0,6.5,0,0,0,38,2,2,2,2201,2,0
0,38,5,5.4,0,0,6,0,0,0,54,1,2,2,2201,2,0
1,33,5.6,6.8,0,0,6,0,0,0,59,2,2,2,2201,2,0
0,32,5.2,7,0,0,6,0,0,0,59,1,2,2,2201,2,0
1,32,5.7,4,0,0,6.5,0,0,0,37,1,2,2,2201,2,0
0,30,6.1,5.7,0,0,7,0,0,0,45,2,2,2,2201,2,0
0,37,5.9,5.7,0,0,6,0,0,0,54,2,2,2,2201,2,0
0,33,4.8,6.6,0,0,7,0,0,0,40,2,2,2,2201,2,0
0,34,5.4,6,0,0,6.5,0,0,0,39,2,2,2,2201,2,0
1,19,8.8,9.3,0,0,7.5,0,0,0,72,0,2,2,2201,2,1
0,28,8.1,9.4,0,0,7.5,0,0,0,64,0,2,2,2201,2,1
1,24,7.7,8.8,0,0,6,0,0,0,70,0,2,2,2201,2,1
0,21,9.2,7.1,0,0,7.5,0,0,0,61,0,2,2,2201,2,1
1,18,7.2,9,0,0,7,0,0,0,71,0,2,2,2201,2,1
0,29,8.1,9.2,0,0,6.5,0,0,0,70,0,2,2,2201,2,1
1,20,9.1,8.7,0,0,6.5,0,0,0,72,0,2,2,2201,2,1
0,23,8.6,9.6,0,0,6,0,0,0,74,0,2,2,2201,2,1
0,25,8.6,7.5,0,0,6.5,0,0,0,76,0,2,2,2201,2,1
0,33,4.2,4.8,0,0,6.5,0,0,0,40,2,3,2,2301,2,0
1,37,5.1,6,0,0,6,0,0,0,53,3,3,2,2303,2,0
0,35,6.7,4.5,0,0,6,0,0,0,54,3,3,2,2303,2,0
1,38,6.4,6.1,0,0,6.5,0,0,0,45,2,3,2,2302,2,0
0,33,4.8,4.5,0,0,6.5,0,0,0,46,3,3,2,2302,2,0
0,32,5.9,4.3,0,0,6.5,0,0,0,59,2,3,2,2301,2,0
0,38,5.6,4.5,0,0,7,0,0,0,40,2,3,2,2301,2,0
1,31,4.9,6.8,0,0,6.5,0,0,0,35,2,3,2,2303,2,0
0,30,6.6,6.8,0,0,6.5,0,0,0,31,1,3,2,2302,2,0
1,35,6.7,4.5,0,0,6.5,0,0,0,58,3,3,2,2301,2,0
1,30,4.4,6.1,0,0,6.5,0,0,0,34,1,3,2,2303,2,0
0,33,5.5,5,0,0,6.5,0,0,0,41,3,3,2,2303,2,0
0,38,6.5,6.6,0,0,6.5,0,0,0,56,2,3,2,2302,2,0
0,36,4.8,5,0,0,6.5,0,0,0,54,3,3,2,2302,2,0
1,37,5.7,4.2,0,0,7,0,0,0,58,2,3,2,2303,2,0
1,35,4.1,6.8,0,0,7,0,0,0,55,3,3,2,2303,2,0
1,28,8.5,7.8,0,0,8.5,0,0,0,67,0,3,2,2301,2,1
0,27,7.1,8.8,0,0,6.5,0,0,0,78,0,3,2,2301,2,1
1,27,8.3,7.7,0,0,6.5,0,0,0,80,0,3,2,2301,2,1
0,20,7.1,7.1,0,0,6.5,0,0,0,67,0,3,2,2302,2,1
0,30,8.3,9.5,0,0,7,0,0,0,69,0,3,2,2301,2,1
0,26,7.5,7.7,0,0,6.5,0,0,0,65,0,3,2,2301,2,1
1,20,9.3,8,0,0,7.5,0,0,0,69,0,3,2,2302,2,1
1,26,7.4,7.2,0,0,8,0,0,0,68,0,3,2,2302,2,1
1,20,9.6,7.1,0,0,7.5,0,0,0,76,0,3,2,2301,2,1
0,27,7.5,9.6,0,0,7,0,0,0,67,0,3,2,2302,2,1
1,20,7.4,9,0,0,6.5,0,0,0,69,0,3,2,2301,2,1
0,20,8.7,7.3,0,0,6,0,0,0,76,0,3,2,2302,2,1
1,30,7.9,8.4,0,0,7.5,0,0,0,74,0,3,2,2303,2,1
0,23,7.2,9.7,0,0,6.5,0,0,0,71,0,3,2,2303,2,1
0,23,9.7,7.3,0,0,6.5,0,0,0,74,0,3,2,2301,2,1
0,25,9.7,9.8,0,0,6.5,0,0,0,71,0,3,2,2302,2,1
1,21,9.7,8.8,0,0,8.5,0,0,0,76,0,3,2,2301,2,1
1,18,7.2,8.8,0,0,6.5,0,0,0,63,0,3,2,2302,2,1
0,18,9.2,8.7,0,0,8,0,0,0,79,0,3,2,2302,2,1
0,20,8.4,7.6,0,0,8,0,0,0,62,0,3,2,2302,2,1
1,25,7.3,7,0,0,8,0,0,0,77,0,3,2,2303,2,1
1,24,9.2,7.8,0,0,8,0,0,0,65,0,3,2,2302,2,1
1,19,7.6,9.5,0,0,8.5,0,0,0,68,0,3,2,2303,2,1
0,30,9.6,8.9,0,0,7.5,0,0,0,62,0,3,2,2303,2,1
0,23,9.7,7.3,0,0,6,0,0,0,65,0,3,2,2303,2,1
1,27,8.4,8.1,0,0,8.5,0,0,0,72,0,3,2,2302,2,1
0,27,7.6,8.6,0,0,7,0,0,0,72,0,3,2,2302,2,1
1,30,9.8,7.6,0,0,6.5,0,0,0,71,0,3,2,2302,2,1
0,29,8,8.1,0,0,6.5,0,0,0,68,0,3,2,2303,2,1
1,18,8.9,8.5,0,0,7,0,0,0,62,0,3,2,2301,2,1
1,18,9.8,9,0,0,6.5,0,0,0,70,0,3,2,2302,2,1
1,27,7.7,9.5,0,0,7.5,0,0,0,73,0,3,2,2303,2,1
0,30,7.2,8.9,0,0,6.5,0,0,0,68,0,3,2,2301,2,1
0,25,9.6,9.2,0,0,7,0,0,0,72,0,3,2,2301,2,1
1,24,7.6,7.5,0,0,8.5,0,0,0,79,0,3,2,2303,2,1
0,28,8.6,8.8,0,0,6.5,0,0,0,75,0,3,2,2301,2,1
1,30,7.3,8.2,0,0,8.5,0,0,0,63,0,3,2,2303,2,1
1,26,8.2,8.6,0,0,7,0,0,0,61,0,3,2,2302,2,1
1,29,8.5,8.7,0,0,8,0,0,0,73,0,3,2,2301,2,1
1,34,4.9,5.9,0,0,6.5,0,0,0,53,1,4,2,2404,2,0
1,31,6.1,4.5,0,0,7,0,0,0,38,1,4,2,2403,2,0
1,35,6.4,6.7,0,0,6,0,0,0,44,2,4,2,2404,2,0
1,31,4.3,4.7,0,0,6,0,0,0,55,2,4,2,2401,2,0
1,33,6.5,6.2,0,0,7,0,0,0,43,2,4,2,2402,2,0
1,32,6.3,5.7,0,0,6.5,0,0,0,54,1,4,2,2401,2,0
1,35,6.4,4.4,0,0,6,0,0,0,48,2,4,2,2403,2,0
1,30,5.3,6.4,0,0,7,0,0,0,56,2,4,2,2404,2,0
1,38,4.7,6.7,0,0,7,0,0,0,54,2,4,2,2403,2,0
1,30,6.5,5.3,0,0,6,0,0,0,52,2,4,2,2402,2,0
1,31,5.8,4.5,0,0,6.5,0,0,0,30,3,4,2,2404,2,0
0,31,6,6.7,0,0,7,0,0,0,36,2,4,2,2402,2,0
1,32,4.7,4.1,0,0,6,0,0,0,42,2,4,2,2404,2,0
1,30,6.6,4.3,0,0,6.5,0,0,0,54,2,4,2,2401,2,0
0,38,5.7,6.5,0,0,6.5,0,0,0,37,3,4,2,2403,2,0
1,38,4.8,6.6,0,0,7,0,0,0,45,3,4,2,2403,2,0
1,31,6.2,6.3,0,0,7,0,0,0,55,2,4,2,2404,2,0
1,38,4.8,6.1,0,0,6.5,0,0,0,47,2,4,2,2401,2,0
1,36,6.9,4.4,0,0,7,0,0,0,37,3,4,2,2403,2,0
1,38,6.4,4.9,0,0,6,0,0,0,48,2,4,2,2401,2,0
0,32,6.4,5.8,0,0,6.5,0,0,0,40,2,4,2,2401,2,0
0,30,5.8,6.2,0,0,7,0,0,0,43,2,4,2,2401,2,0
1,29,8.6,8.2,0,0,8,0,0,0,75,0,4,2,2403,2,1
1,25,8.2,9.2,0,0,7.5,0,0,0,76,0,4,2,2403,2,1
1,21,7.1,9.3,0,0,7,0,0,0,64,0,4,2,2402,2,1
0,22,9.1,7.7,0,0,6,0,0,0,61,0,4,2,2403,2,1
0,19,8.1,9.7,0,0,8,0,0,0,69,0,4,2,2401,2,1
0,23,7,7.8,0,0,6.5,0,0,0,66,0,4,2,2401,2,1
1,24,8.9,8.8,0,0,6,0,0,0,61,0,4,2,2401,2,1
0,27,9.4,8.3,0,0,6.5,0,0,0,69,0,4,2,2402,2,1
0,30,7.5,9.4,0,0,8,0,0,0,70,0,4,2,2403,2,1
0,27,8.9,8.4,0,0,6,0,0,0,64,0,4,2,2404,2,1
0,19,8.1,8.2,0,0,6.5,0,0,0,65,0,4,2,2404,2,1
0,26,9.5,8.3,0,0,6.5,0,0,0,74,0,4,2,2404,2,1
1,26,7.1,8.8,0,0,7.5,0,0,0,77,0,4,2,2402,2,1
1,24,8.5,7.8,0,0,8,0,0,0,73,0,4,2,2402,2,1
0,29,7.1,9,0,0,6.5,0,0,0,74,0,4,2,2403,2,1
1,22,8.3,9.7,0,0,7.5,0,0,0,73,0,4,2,2404,2,1
1,20,8,8.6,0,0,7.5,0,0,0,61,0,4,2,2401,2,1
1,20,8.7,8.4,0,0,8,0,0,0,78,0,4,2,2401,2,1
0,29,8.1,9.7,0,0,8.5,0,0,0,78,0,4,2,2402,2,1
0,18,8.5,9.5,0,0,7.5,0,0,0,69,0,4,2,2401,2,1
1,30,7.1,7,0,0,7.5,0,0,0,61,0,4,2,2403,2,1
0,24,8.6,8.9,0,0,6,0,0,0,69,0,4,2,2403,2,1
1,21,8,8.2,0,0,7.5,0,0,0,68,0,4,2,2403,2,1
0,20,9.3,8.7,0,0,8,0,0,0,71,0,4,2,2402,2,1
0,22,9.5,8.8,0,0,7,0,0,0,65,0,4,2,2403,2,1
0,27,9.7,7.9,0,0,7,0,0,0,70,0,4,2,2404,2,1
0,24,7.5,9,0,0,7,0,0,0,66,0,4,2,2403,2,1
1,22,7.1,9.5,0,0,7.5,0,0,0,70,0,4,2,2401,2,1
1,18,8.6,7.7,0,0,7,0,0,0,71,0,4,2,2402,2,1
1,25,8,8.3,0,0,7,0,0,0,66,0,4,2,2401,2,1
1,19,9,7.8,0,0,7.5,0,0,0,69,0,4,2,2401,2,1
0,18,7,7.5,0,0,6,0,0,0,62,0,4,2,2403,2,1
0,25,7.1,9.6,0,0,8,0,0,0,64,0,4,2,2403,2,1
0,22,7.6,7.9,0,0,7,0,0,0,75,0,4,2,2402,2,1
1,21,7.1,7.5,0,0,7,0,0,0,63,0,4,2,2404,2,1
1,21,7.5,7.3,0,0,6.5,0,0,0,67,0,4,2,2404,2,1
1,21,8.2,9.5,0,0,8.5,0,0,0,69,0,4,2,2402,2,1
1,21,8.6,9.3,0,0,8.5,0,0,0,69,0,4,2,2403,2,1
1,24,8.2,7.6,0,0,8,0,0,0,69,0,4,2,2402,2,1
1,21,7.7,9,0,0,7.5,0,0,0,76,0,4,2,2402,2,1
1,27,8.2,9.2,0,0,8,0,0,0,63,0,4,2,2401,2,1
1,19,7.9,7.2,0,0,6,0,0,0,65,0,4,2,2402,2,1
1,20,9.2,7.1,0,0,8,0,0,0,62,0,4,2,2401,2,1
0,30,7.8,7.7,0,0,6.5,0,0,0,77,0,4,2,2404,2,1
1,26,9.2,7.9,0,0,7,0,0,0,77,0,4,2,2401,2,1
0,18,9.6,7.1,0,0,7.5,0,0,0,71,0,4,2,2404,2,1
1,22,9.2,7.6,0,0,6,0,0,0,77,0,4,2,2402,2,1
0,21,8.4,9.2,0,0,6.5,0,0,0,78,0,4,2,2403,2,1
0,20,9.4,7.1,0,0,6.5,0,0,0,72,0,4,2,2401,2,1
0,30,9.7,8.3,0,0,6,0,0,0,61,0,4,2,2404,2,1
1,22,7.6,7.3,0,0,7,0,0,0,76,0,4,2,2402,2,1
0,25,7.6,9.8,0,0,6.5,0,0,0,76,0,4,2,2403,2,1
1,19,7.2,9.2,0,0,8,0,0,0,64,0,4,2,2403,2,1
1,26,9.2,9.7,0,0,8,0,0,0,80,0,4,2,2404,2,1
1,23,8.8,9.7,0,0,8.5,0,0,0,70,0,4,2,2401,2,1
1,30,9.8,9.4,0,0,6,0,0,0,63,0,4,2,2401,2,1
0,29,8.9,7.9,0,0,7.5,0,0,0,70,0,4,2,2401,2,1
1,19,7.8,9.1,0,0,8.5,0,0,0,73,0,4,2,2401,2,1
1,19,7.2,7.8,0,0,6.5,0,0,0,76,0,4,2,2404,2,1
0,26,9.4,9.7,0,0,7.5,0,0,0,77,0,4,2,2401,2,1
0,28,9,9.3,0,0,7.5,0,0,0,72,0,4,2,2403,2,1
0,22,8.3,7.9,0,0,6,0,0,0,63,0,4,2,2404,2,1
0,25,8.7,8,0,0,7.5,0,0,0,74,0,4,2,2404,2,1
0,30,7.4,8.5,0,0,7.5,0,0,0,64,0,4,2,2404,2,1
0,29,9.3,8.6,0,0,7.5,0,0,0,75,0,4,2,2401,2,1
1,25,8.1,8.7,0,0,6.5,0,0,0,62,0,4,2,2404,2,1
1,20,7.5,9.1,0,0,8,0,0,0,76,0,4,2,2403,2,1
0,29,9,9.5,0,0,6.5,0,0,0,71,0,4,2,2402,2,1
0,37,6.4,5.5,0,0,6,0,0,0,36,1,5,2,2501,2,0
0,36,4.8,4.8,0,0,6.5,0,0,0,49,1,5,2,2501,2,0
0,34,6.4,4.7,0,0,7,0,0,0,48,3,5,2,2501,2,0
1,37,5.5,6.9,0,0,7,0,0,0,36,1,5,2,2501,2,0
0,31,5.2,4.1,0,0,6,0,0,0,36,2,5,2,2501,2,0
0,30,4.9,5,0,0,6,0,0,0,37,2,5,2,2501,2,0
1,37,6.9,4.6,0,0,7,0,0,0,54,1,5,2,2501,2,0
0,31,4.6,5.5,0,0,6.5,0,0,0,36,2,5,2,2501,2,0
0,32,5.8,6.5,0,0,6.5,0,0,0,50,1,5,2,2501,2,0
0,31,6.3,6.8,0,0,6.5,0,0,0,58,3,5,2,2501,2,0
1,31,6,6.1,0,0,7,0,0,0,36,1,5,2,2501,2,0
1,35,6.2,5.1,0,0,6.5,0,0,0,52,3,5,2,2501,2,0
1,30,7.3,8.4,0,0,6.5,0,0,0,67,0,5,2,2501,2,1
1,22,7.7,7.3,0,0,8.5,0,0,0,75,0,5,2,2501,2,1
1,24,8.1,9.8,0,0,7.5,0,0,0,65,0,5,2,2501,2,1
1,19,7.6,9.1,0,0,7.5,0,0,0,76,0,5,2,2501,2,1
0,22,7.6,7.6,0,0,6.5,0,0,0,76,0,5,2,2501,2,1
0,18,8.7,7.4,0,0,6.5,0,0,0,78,0,5,2,2501,2,1
1,26,7.1,8.1,0,0,8,0,0,0,78,0,5,2,2501,2,1
1,29,7.9,7.4,0,0,6,0,0,0,73,0,5,2,2501,2,1
1,23,9,7.5,0,0,7.5,0,0,0,71,0,5,2,2501,2,1
0,19,9.4,8.1,0,0,8.5,0,0,0,64,0,5,2,2501,2,1
1,30,8.3,8.5,0,0,7.5,0,0,0,69,0,5,2,2501,2,1
1,29,8.5,7.4,0,0,6,0,0,0,73,0,5,2,2501,2,1
0,21,9,7.1,0,0,8.5,0,0,0,68,0,5,2,2501,2,1
0,23,9.3,8.1,0,0,7,0,0,0,61,0,5,2,2501,2,1
1,29,9.5,9.4,0,0,7.5,0,0,0,75,0,5,2,2501,2,1
0,34,6.8,5.5,0,0,6,0,0,0,54,2,1,3,3105,2,0
1,38,5.7,5.3,0,0,6,0,0,0,30,3,1,3,3104,2,0
1,31,5.5,6.3,0,0,6.5,0,0,0,40,3,1,3,3105,2,0
1,34,4.4,5.9,0,0,6.5,0,0,0,46,3,1,3,3104,2,0
0,30,4.9,4.1,0,0,6,0,0,0,33,3,1,3,3101,2,0
0,34,4.3,5.2,0,0,6,0,0,0,44,2,1,3,3101,2,0
0,30,4.3,7,0,0,6.5,0,0,0,32,1,1,3,3104,2,0
1,37,5.9,4.7,0,0,6.5,0,0,0,57,2,1,3,3103,2,0
1,38,4.2,4.3,0,0,6.5,0,0,0,35,2,1,3,3105,2,0
1,33,4.2,4.4,0,0,7,0,0,0,56,1,1,3,3103,2,0
0,31,4.9,6.1,0,0,6.5,0,0,0,34,1,1,3,3104,2,0
1,34,4.5,6,0,0,6,0,0,0,46,1,1,3,3105,2,0
0,33,6.6,6.6,0,0,6,0,0,0,51,3,1,3,3102,2,0
1,32,4.2,5.3,0,0,7,0,0,0,50,1,1,3,3105,2,0
0,30,4.5,6.5,0,0,7,0,0,0,31,2,1,3,3102,2,0
0,35,5.2,4.8,0,0,6.5,0,0,0,36,2,1,3,3102,2,0
0,38,5,6.2,0,0,7,0,0,0,87,3,1,3,3103,2,0
0,30,6,4.9,0,0,7,0,0,0,82,3,1,3,3103,2,0
1,36,4.2,6.7,0,0,7,0,0,0,87,2,1,3,3101,2,0
1,32,6.5,5.8,0,0,7,0,0,0,85,1,1,3,3105,2,0
0,23,7.6,7,0,0,8.5,0,0,0,75,0,1,3,3102,2,1
0,18,9.7,8.7,0,0,8,0,0,0,66,0,1,3,3104,2,1
0,28,8.2,7.4,0,0,7,0,0,0,78,0,1,3,3103,2,1
1,24,9.1,7.9,0,0,8,0,0,0,67,0,1,3,3104,2,1
1,19,9.4,7.4,0,0,6.5,0,0,0,71,0,1,3,3105,2,1
1,23,8.3,9.2,0,0,6.5,0,0,0,67,0,1,3,3104,2,1
0,29,8.8,8.8,0,0,6,0,0,0,61,0,1,3,3105,2,1
0,25,9.1,7.1,0,0,7,0,0,0,65,0,1,3,3102,2,1
1,18,7,7.9,0,0,8,0,0,0,76,0,1,3,3105,2,1
1,28,9.1,7.7,0,0,8,0,0,0,80,0,1,3,3101,2,1
1,19,9.4,9.1,0,0,7,0,0,0,66,0,1,3,3104,2,1
0,27,9,8.2,0,0,7.5,0,0,0,75,0,1,3,3105,2,1
1,24,7.4,7.1,0,0,7,0,0,0,66,0,1,3,3104,2,1
0,20,7.8,8.1,0,0,6,0,0,0,77,0,1,3,3101,2,1
1,29,8.3,9.2,0,0,7.5,0,0,0,77,0,1,3,3101,2,1
1,28,7.3,8.4,0,0,7.5,0,0,0,72,0,1,3,3105,2,1
0,26,9.8,9.8,0,0,8,0,0,0,78,0,1,3,3105,2,1
0,26,9,7.8,0,0,7,0,0,0,65,0,1,3,3104,2,1
1,22,8.2,9.6,0,0,7.5,0,0,0,71,0,1,3,3104,2,1
0,18,9.6,7.3,0,0,7,0,0,0,69,0,1,3,3105,2,1
0,30,8.6,7.6,0,0,6.5,0,0,0,75,0,1,3,3101,2,1
1,27,9.4,8.2,0,0,8,0,0,0,68,0,1,3,3103,2,1
1,22,9.6,9.8,0,0,7,0,0,0,66,0,1,3,3103,2,1
1,29,9.2,8.4,0,0,6.5,0,0,0,60,0,1,3,3104,2,1
0,25,9,8.4,0,0,7,0,0,0,60,0,1,3,3101,2,1
1,24,8.9,9.4,0,0,7,0,0,0,68,0,1,3,3101,2,1
0,25,8.4,9.5,0,0,7,0,0,0,77,0,1,3,3105,2,1
1,29,8.5,9.2,0,0,7.5,0,0,0,79,0,1,3,3105,2,1
0,25,7.2,7.5,0,0,7.5,0,0,0,78,0,1,3,3103,2,1
1,18,8.5,9.2,0,0,7.5,0,0,0,68,0,1,3,3105,2,1
1,22,9.5,7.6,0,0,7.5,0,0,0,77,0,1,3,3104,2,1
1,29,9.8,8.1,0,0,6,0,0,0,79,0,1,3,3105,2,1
0,25,8.2,7.2,0,0,8.5,0,0,0,71,0,1,3,3104,2,1
0,24,8.5,8.5,0,0,7,0,0,0,62,0,1,3,3102,2,1
1,21,8,7.4,0,0,7.5,0,0,0,73,0,1,3,3103,2,1
1,25,7.7,7.4,0,0,6,0,0,0,74,0,1,3,3103,2,1
1,27,8.8,9.4,0,0,6.5,0,0,0,79,0,1,3,3101,2,1
0,19,7.4,9.5,0,0,6.5,0,0,0,78,0,1,3,3101,2,1
1,28,9.6,9.3,0,0,7,0,0,0,69,0,1,3,3103,2,1
0,29,9.3,9.6,0,0,8,0,0,0,60,0,1,3,3103,2,1
1,23,9.2,9.5,0,0,6.5,0,0,0,77,0,1,3,3101,2,1
1,29,7.5,9.5,0,0,8,0,0,0,79,0,1,3,3104,2,1
0,28,8.1,7.2,0,0,7.5,0,0,0,60,0,1,3,3101,2,1
0,20,7.8,9.3,0,0,8.5,0,0,0,71,0,1,3,3102,2,1
1,22,7.3,9.6,0,0,7.5,0,0,0,60,0,1,3,3105,2,1
0,25,7.6,7.6,0,0,7.5,0,0,0,66,0,1,3,3104,2,1
1,26,9.1,9.3,0,0,6.5,0,0,0,62,0,1,3,3105,2,1
0,25,7.2,7.5,0,0,6.5,0,0,0,75,0,1,3,3105,2,1
1,24,8.9,9.7,0,0,8,0,0,0,77,0,1,3,3104,2,1
1,20,9.3,9.7,0,0,6.5,0,0,0,74,0,1,3,3105,2,1
0,28,7.7,9.5,0,0,6,0,0,0,79,0,1,3,3103,2,1
1,28,7.3,9.6,0,0,6,0,0,0,63,0,1,3,3101,2,1
1,26,9.4,8.5,0,0,7.5,0,0,0,70,0,1,3,3101,2,1
0,18,8.6,8.3,0,0,7.5,0,0,0,65,0,1,3,3105,2,1
0,21,7.6,8.9,0,0,6.5,0,0,0,70,0,1,3,3102,2,1
1,23,9.6,8.3,0,0,6.5,0,0,0,61,0,1,3,3101,2,1
1,29,7.5,7.8,0,0,7.5,0,0,0,76,0,1,3,3101,2,1
1,27,7.2,7.3,0,0,6.5,0,0,0,67,0,1,3,3105,2,1
1,27,9.3,9.7,0,0,6.5,0,0,0,75,0,1,3,3104,2,1
1,21,8.3,9.5,0,0,7.5,0,0,0,70,0,1,3,3101,2,1
0,28,7.7,8.3,0,0,7.5,0,0,0,77,0,1,3,3102,2,1
1,25,8.3,8.4,0,0,8.5,0,0,0,74,0,1,3,3104,2,1
1,29,9.5,8.8,0,0,7,0,0,0,71,0,1,3,3101,2,1
1,30,8.8,9.1,0,0,8,0,0,0,79,0,1,3,3105,2,1
1,18,9.5,9.4,0,0,6.5,0,0,0,63,0,1,3,3104,2,1
1,27,8.3,7.3,0,0,6.5,0,0,0,69,0,1,3,3102,2,1
1,21,7.4,9.8,0,0,7.5,0,0,0,61,0,1,3,3103,2,1
1,20,8,8.6,0,0,6.5,0,0,0,73,0,1,3,3105,2,1
1,22,8.5,8.7,0,0,8,0,0,0,65,0,1,3,3104,2,1
0,30,9.4,8.3,0,0,7,0,0,0,75,0,1,3,3103,2,1
0,26,8.8,7.7,0,0,8,0,0,0,68,0,1,3,3104,2,1
1,24,7.2,7.8,8.4,8.3,7,0,0,0,73,0,1,3,3105,4,1
0,30,8.3,7.5,8.4,0,8,0,0,0,72,0,1,3,3103,3,1
0,22,7.1,9.3,7.6,0,8,0,0,0,72,0,1,3,3104,3,1
1,29,9.3,7.6,9,0,6.5,0,0,0,79,0,1,3,3104,3,1
0,23,8.9,7.6,7.8,0,7.5,0,0,0,69,0,1,3,3102,3,1
0,19,7.9,9.5,8.1,0,6.5,0,0,0,76,0,1,3,3101,3,1
1,30,7.4,7.7,8.7,0,7,0,0,0,64,0,1,3,3101,3,1
1,22,9.2,9.5,7.2,0,8.5,0,0,0,73,0,1,3,3102,3,1
0,19,9.7,9,7.2,0,7,0,0,0,63,0,1,3,3105,3,1
1,18,7.5,9.5,8.7,0,8,0,0,0,75,0,1,3,3102,3,1
0,22,7.7,7.3,8.4,0,6,0,0,0,67,0,1,3,3102,3,1
0,22,9.4,8.6,8.5,0,7.5,0,0,0,75,0,1,3,3103,3,1
1,27,8.5,8.6,7,0,7,0,0,0,66,0,1,3,3105,3,1
1,26,8.6,7,8.9,0,6,0,0,0,61,0,1,3,3103,3,1
0,23,8.9,7.5,8.5,0,7.5,0,0,0,75,0,1,3,3105,3,1
1,30,9.2,8.6,7.9,0,7,0,0,0,63,0,1,3,3104,3,1
1,25,8.8,7.9,8.7,0,8.5,0,0,0,73,0,1,3,3104,3,1
0,29,7.9,8.4,7.9,0,8,0,0,0,70,0,1,3,3101,3,1
1,20,9.4,8.6,7.2,0,8.5,0,0,0,78,0,1,3,3103,3,1
0,27,9,7.2,7.7,0,8,0,0,0,66,0,1,3,3105,3,1
0,23,9,9.6,7.3,0,8,0,0,0,64,0,1,3,3105,3,1
0,19,7.9,7.1,7.3,0,6.5,0,0,0,79,0,1,3,3103,3,1
1,22,8.7,8.9,7.5,0,7,0,0,0,67,0,1,3,3102,3,1
1,24,8.5,8.8,7.6,0,7,0,0,0,69,0,1,3,3101,3,1
1,23,7.8,9.7,8.3,0,7,0,0,0,72,0,1,3,3105,3,1
0,20,8.9,8.7,7.7,0,7.5,0,0,0,74,0,1,3,3102,3,1
1,18,8.4,7.5,8.9,0,6,0,0,0,64,0,1,3,3103,3,1
0,23,8.6,9.7,7.5,0,6.5,0,0,0,67,0,1,3,3103,3,1
1,24,7.4,7.5,8.7,0,6,0,0,0,75,0,1,3,3102,3,1
1,19,7.4,7.8,9.1,0,6.5,0,0,0,61,0,1,3,3103,3,1
0,21,7.9,8.4,8.4,0,8.5,0,0,0,70,0,1,3,3102,3,1
1,29,7.5,7.8,8.1,0,8,0,0,0,67,0,1,3,3102,3,1
1,36,6.9,6.7,5.8,0,6,0,13,0,81,1,2,3,3204,3,0
1,30,6.7,4.3,5.7,0,6.5,0,4,1,85,3,2,3,3202,3,0
1,38,6.4,6.8,7,0,6,0,14,2,84,3,2,3,3201,3,0
1,31,4.5,5.8,6.5,0,6,0,2,3,87,2,2,3,3203,3,0
1,34,4.3,4.3,6.6,0,7,0,6,1,80,3,2,3,3204,3,0
1,36,7,5.9,5.4,0,6,0,6,1,88,1,2,3,3203,3,0
1,34,6.9,5.5,6.9,0,7,0,8,2,86,1,2,3,3204,3,0
1,32,5.3,4.2,5,0,7,0,8,3,88,2,2,3,3201,3,0
1,31,4.3,6.6,4.6,0,6.5,0,2,3,83,2,2,3,3203,3,0
0,30,6,6.6,6.7,0,6.5,0,3,2,86,1,2,3,3204,3,0
1,31,4.9,6.1,4.9,0,6.5,0,8,2,82,2,2,3,3203,3,0
0,34,6.9,4.5,5.7,0,7,0,12,0,82,1,2,3,3202,3,0
1,31,5.1,4.7,6.5,0,6.5,0,4,2,87,2,2,3,3202,3,0
0,28,8.4,7.7,9.1,0,7,0,0,0,68,0,2,3,3203,3,1
0,30,9.8,7.6,7.6,0,7.5,0,0,0,72,0,2,3,3202,3,1
1,28,8.4,9.6,8.1,0,6.5,0,0,0,73,0,2,3,3204,3,1
0,19,7.1,9.4,8.9,0,6,0,0,0,78,0,2,3,3202,3,1
1,18,7.8,7.6,7.8,0,7,0,0,0,61,0,2,3,3204,3,1
1,29,8.2,7.8,7.5,0,6.5,0,0,0,68,0,2,3,3201,3,1
0,30,7.1,7.5,8.3,0,7.5,0,0,0,72,0,2,3,3202,3,1
1,28,7.9,9.2,7.8,0,6.5,0,0,0,74,0,2,3,3203,3,1
0,28,9.3,8.9,8.3,0,7,0,0,0,67,0,2,3,3201,3,1
1,18,7.9,8.3,7.6,0,8,0,0,0,61,0,2,3,3204,3,1
1,26,7.2,9.1,8.6,0,6.5,0,0,0,64,0,2,3,3202,3,1
1,29,7.4,7.8,7.6,0,6.5,0,0,0,73,0,2,3,3204,3,1
1,26,9.5,8.6,8.5,0,7.5,0,0,0,73,0,2,3,3203,3,1
1,30,8.6,8.4,8.3,0,7.5,0,0,0,63,0,2,3,3203,3,1
1,24,9.6,9.1,7.2,0,7,0,0,0,68,0,2,3,3202,3,1
0,25,9,7.7,7.7,0,6,0,0,0,75,0,2,3,3201,3,1
0,30,8.7,9.6,8.6,0,6.5,0,0,0,70,0,2,3,3202,3,1
1,37,5.5,4.2,5.3,0,6,0,7,1,83,2,3,3,3304,3,0
0,33,5.8,4.7,6.7,0,6.5,0,5,2,80,2,3,3,3303,3,0
0,34,6.4,4.3,5.8,0,6,0,1,2,89,3,3,3,3303,3,0
1,31,5.9,6.1,5.6,0,6,0,1,2,81,1,3,3,3302,3,0
1,35,4.3,6.6,5.2,0,7,0,12,2,89,2,3,3,3304,3,0
1,36,5.7,6.3,6.2,0,6.5,0,6,2,84,1,3,3,3303,3,0
0,30,4,6.8,5.4,0,7,0,8,3,81,2,3,3,3301,3,0
0,34,4.5,6.6,6.9,0,6.5,0,13,1,83,2,3,3,3304,3,0
0,32,6.5,6.3,6.6,0,6.5,0,3,2,86,3,3,3,3304,3,0
1,37,5.1,5.7,5.2,0,6.5,0,7,3,85,2,3,3,3302,3,0
0,30,6.8,5.7,6.6,0,6.5,0,14,2,88,2,3,3,3301,3,0
1,33,4.8,6.6,4.8,0,7,3,0,6,86,2,3,3,3304,3,0
1,34,4.9,4.2,6.4,0,6.5,3,0,5,90,2,3,3,3303,3,0
1,31,5.7,5.6,6.1,0,7,1,0,5,83,2,3,3,3304,3,0
0,24,8,7.4,7.1,0,7,0,0,0,64,0,3,3,3303,3,1
0,26,9.1,8.6,7.4,0,8,0,0,0,64,0,3,3,3304,3,1
0,27,8.7,7.2,7.8,0,7,0,0,0,72,0,3,3,3302,3,1
0,25,7,8.3,8.2,0,7,0,0,0,79,0,3,3,3301,3,1
0,26,7,9.5,8.1,0,7.5,0,0,0,60,0,3,3,3303,3,1
1,19,7.1,7.8,8.5,0,7,0,0,0,74,0,3,3,3303,3,1
0,21,7.6,8.5,9.1,0,8,0,0,0,62,0,3,3,3303,3,1
0,23,9.5,7.5,7.1,0,7,0,0,0,60,0,3,3,3302,3,1
1,21,8,9.7,8.1,0,6.5,0,0,0,67,0,3,3,3302,3,1
0,27,8.4,9.6,8.8,0,6.5,0,0,0,74,0,3,3,3302,3,1
0,28,7.3,7.6,8.8,0,6.5,0,0,0,76,0,3,3,3303,3,1
1,18,8.6,8.8,7.2,0,7.5,0,0,0,67,0,3,3,3302,3,1
1,29,8.5,9.4,8.7,0,7.5,0,0,0,62,0,3,3,3302,3,1
1,22,8,7.4,7.7,0,8,0,0,0,74,0,3,3,3301,3,1
1,21,9,8.4,7.9,0,8,0,0,0,62,0,3,3,3302,3,1
1,28,8.8,9.4,8.3,0,6.5,0,0,0,65,0,3,3,3301,3,1
0,19,9.2,7.7,7.2,0,8,0,0,0,63,0,3,3,3301,3,1
0,29,7.7,7.9,8.5,0,6.5,0,0,0,71,0,3,3,3303,3,1
1,25,9.1,8.9,8.4,0,8,0,0,0,70,0,3,3,3304,3,1
1,19,9.7,7.7,8.7,0,6,0,0,0,68,0,3,3,3304,3,1
0,20,7.9,7.3,8.2,0,7.5,0,0,0,80,0,3,3,3301,3,1
0,30,7.2,9.2,9,0,6.5,0,0,0,79,0,3,3,3301,3,1
0,18,8.8,9.3,8.9,0,6,0,0,0,63,0,3,3,3301,3,1
1,21,8.8,9.3,7.5,0,6.5,0,0,0,73,0,3,3,3303,3,1
1,23,8.4,8.8,7.1,0,6.5,0,0,0,65,0,3,3,3303,3,1
1,29,7.6,7.9,7.3,0,7,0,0,0,63,0,3,3,3303,3,1
1,26,8,8.4,8.5,0,7,0,0,0,63,0,3,3,3303,3,1
1,18,7.4,7.4,7.7,0,6.5,0,0,0,61,0,3,3,3301,3,1
1,26,9.3,7.7,8.5,0,6.5,0,0,0,72,0,3,3,3304,3,1
1,22,9.1,7.7,8.3,0,6.5,0,0,0,79,0,3,3,3301,3,1
1,30,9.3,7.9,9,0,7,0,0,0,78,0,3,3,3302,3,1
0,27,8.8,7.4,8.2,0,7.5,0,0,0,71,0,3,3,3304,3,1
1,27,8.8,7.6,7.6,0,6.5,0,0,0,63,0,3,3,3303,3,1
1,30,8.5,8.1,8.9,0,6.5,0,0,0,63,0,3,3,3302,3,1
1,30,8.2,9.6,7.3,0,8,0,0,0,68,0,3,3,3304,3,1
1,19,8.6,8.9,7.7,0,6.5,0,0,0,78,0,3,3,3302,3,1
1,19,9.7,9,7.7,0,8,0,0,0,65,0,3,3,3301,3,1
1,25,8.3,8.1,8.6,0,8.5,0,0,0,67,0,3,3,3304,3,1
0,28,9.1,8.2,8.8,0,6,0,0,0,87,0,3,3,3301,3,1
1,30,8.7,8.3,7.6,0,7,0,0,0,83,0,3,3,3303,3,1
1,18,7.9,7.9,7.4,0,7.5,0,0,0,82,0,3,3,3304,3,1
0,20,7,7.1,7.7,0,8,0,0,0,80,0,3,3,3302,3,1
0,19,8.3,8.5,8.5,0,8,0,0,0,83,0,3,3,3304,3,1
1,26,8.5,8.2,7.8,0,8.5,0,0,0,85,0,3,3,3301,3,1
1,30,9.1,7.6,9.1,0,8,0,0,0,82,0,3,3,3303,3,1
1,29,7.4,7.7,7.2,0,7.5,0,0,0,87,0,3,3,3301,3,1
0,18,7.2,7.1,7.3,0,7.5,0,0,0,88,0,3,3,3304,3,1
1,18,8.6,7.6,8.6,0,7,0,0,0,82,0,3,3,3304,3,1
1,20,8.8,9,7.3,0,6,0,0,0,84,0,3,3,3304,3,1
0,28,9.7,8,8.3,0,6,0,0,0,86,0,3,3,3304,3,1
1,21,9.4,8.8,8.4,0,6.5,0,0,0,87,0,3,3,3301,3,1
1,29,8.7,8.2,8.2,0,8,0,0,0,89,0,3,3,3302,3,1
1,18,7.8,7,8.6,0,8,0,0,0,86,0,3,3,3303,3,1
1,20,9,9.1,8.3,0,7.5,0,0,0,83,0,3,3,3301,3,1
1,29,9.2,8.7,8.2,0,7.5,0,0,0,81,0,3,3,3302,3,1
0,22,8.4,9.6,7.6,0,8.5,0,0,0,81,0,3,3,3304,3,1
1,23,8.2,7.6,7.2,0,8,0,0,0,86,0,3,3,3303,3,1
0,29,8.1,8,7.6,0,6.5,0,0,0,86,0,3,3,3304,3,1
1,33,6.9,6.8,6.5,0,6,2,0,3,61,3,4,3,3404,3,0
0,33,6.9,4.5,4.5,0,6.5,1,0,3,77,1,4,3,3403,3,0
0,35,5.9,5.6,6.9,0,6.5,2,0,5,79,1,4,3,3401,3,0
0,30,4.7,5.6,5.8,0,7,4,0,6,63,3,4,3,3403,3,0
1,36,6.9,6.9,6.7,0,6.5,1,0,4,62,1,4,3,3402,3,0
0,35,5.2,5.5,6.2,0,6.5,2,0,4,78,1,4,3,3402,3,0
1,38,4.1,6.9,4.9,0,6.5,2,0,4,68,0,4,3,3402,3,0
1,37,6.1,4.1,6.3,0,6,2,0,6,68,0,4,3,3402,3,0
1,19,9.3,9.5,8.3,0,8,0,0,0,89,0,4,3,3402,3,1
0,23,8.8,8.6,8.7,0,6,0,0,0,81,0,4,3,3402,3,1
1,27,8.7,9.8,8.5,0,7.5,0,0,0,81,0,4,3,3404,3,1
1,28,8.8,9.5,8.9,0,7,0,0,0,84,0,4,3,3401,3,1
1,23,8.6,9.2,7.7,0,8,0,0,0,85,0,4,3,3402,3,1
1,28,9.7,9,8.3,0,8.5,0,0,0,81,0,4,3,3401,3,1
0,25,9.4,7.1,8.2,0,7.5,0,0,0,82,0,4,3,3402,3,1
0,25,7.5,9.5,7.4,0,7,0,0,0,87,0,4,3,3402,3,1
0,18,7,9.8,7.7,0,7,0,0,0,83,0,4,3,3402,3,1
0,19,8.3,9.1,7,0,7.5,0,0,0,90,0,4,3,3401,3,1
1,18,9.3,7.7,9.1,0,7.5,0,0,0,81,0,4,3,3404,3,1
0,22,8.9,9.2,8.3,0,6.5,0,0,0,89,0,4,3,3404,3,1
0,24,9.4,7.7,8.5,0,6.5,0,0,0,80,0,4,3,3404,3,1
0,25,8.1,9.7,7.6,0,6,0,0,0,84,0,4,3,3401,3,1
0,23,9.2,7.5,9,0,6.5,0,0,0,84,0,4,3,3404,3,1
1,26,9.8,8.8,7,0,7,0,0,0,86,0,4,3,3403,3,1
0,22,8.8,8.4,7.2,0,8.5,0,0,0,84,0,4,3,3401,3,1
0,28,7.4,9.6,8.4,0,6.5,0,0,0,86,0,4,3,3403,3,1
0,22,7.3,8.5,8.5,0,6,0,0,0,88,0,4,3,3401,3,1
1,22,7.3,7.4,9.1,0,8,0,0,0,87,0,4,3,3403,3,1
1,20,9.6,9.1,8.3,0,8,0,0,0,88,0,4,3,3401,3,1
1,23,7.2,9.1,8.3,0,7,0,0,0,89,0,4,3,3402,3,1
0,29,8.6,9.1,8.5,0,8,0,0,0,84,0,4,3,3403,3,1
1,21,7.9,7.3,8.9,0,8.5,0,0,3,88,0,4,3,3402,3,1
0,18,8.3,7.2,8.8,0,7,0,0,3,87,0,4,3,3402,3,1
0,27,7.3,8.4,7.5,0,6,0,0,1,89,0,4,3,3402,3,1
0,25,7.8,8.1,7.5,0,8,0,0,3,81,0,4,3,3403,3,1
0,28,7.8,8.2,9,0,7,0,0,1,85,0,4,3,3403,3,1
1,30,8.2,8.2,7.9,0,7,0,0,2,86,0,4,3,3404,3,1
1,22,7.2,7.3,8.9,0,7,0,0,1,80,0,4,3,3403,3,1
1,23,9.8,9,7.9,0,7.5,0,0,1,85,0,4,3,3402,3,1
0,22,7.3,7.7,7.6,0,7,0,0,3,90,0,4,3,3402,3,1
1,19,8.9,8.8,8,0,8,0,0,2,86,0,4,3,3402,3,1
0,20,7,9.1,8.8,0,7,0,0,2,90,0,4,3,3403,3,1
0,29,8.4,9.8,8,0,6,0,0,2,85,0,4,3,3404,3,1
0,23,8.6,8.9,7.9,0,6.5,0,0,2,89,0,4,3,3401,3,1
1,31,5.7,6.4,5.1,0,6.5,1,0,6,76,0,5,3,3502,3,0
0,32,4.7,6.4,7,0,7,4,0,5,73,0,5,3,3502,3,0
1,32,6.4,4.3,6.8,0,6.5,3,0,3,76,0,5,3,3502,3,0
1,35,6.5,5.9,4.6,0,6.5,3,0,5,80,0,5,3,3504,3,0
0,36,6.6,6.3,5.5,0,6,5,0,5,72,0,5,3,3502,3,0
0,33,6.1,6.5,5.1,0,7,2,0,4,68,0,5,3,3502,3,0
1,37,5.5,4.7,5.9,0,6,3,0,4,80,0,5,3,3501,3,0
0,38,4.5,4.2,5.9,0,7,5,0,4,78,0,5,3,3503,3,0
1,34,4.6,4.7,4.8,0,6.5,4,0,6,65,0,5,3,3502,3,0
1,32,4.4,6.3,4.6,0,7,3,0,3,80,0,5,3,3501,3,0
1,34,4.8,6.7,5.7,0,7,1,0,4,65,0,5,3,3501,3,0
0,35,6.1,6.2,4.8,0,6,2,0,4,60,0,5,3,3504,3,0
1,30,6.6,5.5,5.6,0,7,3,0,5,60,0,5,3,3501,3,0
1,18,7.8,9.3,7.8,0,7.5,0,0,2,81,0,5,3,3502,3,1
0,30,7.2,8.3,7.8,0,7.5,0,0,1,85,0,5,3,3501,3,1
0,19,9,9.5,9,0,8.5,0,0,2,87,0,5,3,3502,3,1
1,24,9.6,8.3,9,0,6.5,0,0,2,88,0,5,3,3502,3,1
0,30,7.8,8.9,8.2,0,8,0,0,2,81,0,5,3,3502,3,1
1,22,7.9,7.6,8.6,0,8,0,0,3,88,0,5,3,3503,3,1
1,28,7.4,9.4,7.2,0,8,0,0,1,85,0,5,3,3503,3,1
0,22,7.9,9.3,7.1,0,7.5,0,0,2,83,0,5,3,3504,3,1
0,24,7.9,9.6,8.6,0,8.5,0,0,3,84,0,5,3,3504,3,1
1,30,7.5,7.6,8.1,0,8.5,0,0,3,87,0,5,3,3504,3,1
1,19,8.3,8.8,7.9,0,7.5,0,0,2,80,0,5,3,3501,3,1
1,21,8.4,8.1,7.3,0,7.5,0,0,3,84,0,5,3,3501,3,1
0,27,9.5,8.2,7.8,0,7,0,0,3,90,0,5,3,3504,3,1
0,29,8.3,7.8,8.6,0,6.5,0,0,1,89,0,5,3,3502,3,1
1,18,9,8.1,8.3,0,8,0,0,1,85,0,5,3,3501,3,1
1,28,7.9,9.3,7.8,0,8,0,0,1,82,0,5,3,3503,3,1
0,23,8,7.4,7.5,0,7.5,0,0,1,81,0,5,3,3503,3,1
1,26,8.4,8.8,7.8,0,7.5,0,0,1,81,0,5,3,3503,3,1
1,20,7.6,7.7,8.9,0,8.5,0,0,1,89,0,5,3,3501,3,1
0,18,7.8,8.8,7.9,0,6,0,0,2,81,0,5,3,3503,3,1
0,27,8,9.2,7.3,0,8,0,0,3,84,0,5,3,3502,3,1
1,21,9.3,8.5,7.5,0,8,0,0,2,88,0,5,3,3502,3,1
1,25,8.7,8.9,7.2,0,8,0,0,2,88,0,5,3,3501,3,1
1,18,8.4,8.1,7.9,0,7,0,0,2,87,0,5,3,3501,3,1
0,26,9.2,8.8,7.8,0,8,0,0,2,85,0,5,3,3503,3,1
0,28,7.4,8.1,7.5,0,8,0,0,3,83,0,5,3,3501,3,1
0,18,9.5,9.2,8.4,0,7.5,0,0,2,87,0,5,3,3503,3,1
1,21,7.6,9.7,7.7,0,6.5,0,0,3,88,0,5,3,3504,3,1
0,27,9.5,9.5,8,0,7.5,0,0,3,83,0,5,3,3502,3,1
0,24,7.3,7.8,9.1,0,8.5,0,0,2,81,0,5,3,3504,3,1
1,21,7.8,7.4,8.5,0,8.5,3,5,2,89,0,5,3,3502,3,1
1,30,9.1,7.7,8.4,0,6.5,0,7,1,83,0,5,3,3503,3,1
0,18,9.4,8.1,9,0,7.5,4,7,3,81,0,5,3,3504,3,1
0,28,7.8,8.5,8.4,0,6.5,2,0,1,88,0,5,3,3503,3,1
1,18,7.7,7.1,8.8,0,6,4,5,2,87,0,5,3,3501,3,1
0,21,9,9.5,8.2,0,8,0,5,3,87,0,5,3,3501,3,1
0,29,8.2,8.6,7.3,0,8,2,6,2,87,0,5,3,3503,3,1
0,30,9.1,9.7,7.5,0,7.5,3,4,1,80,0,5,3,3502,3,1
1,26,9.4,8.2,9,0,7.5,3,3,3,86,0,5,3,3501,3,1
1,19,7.2,7.8,8.7,0,6.5,3,4,2,85,0,5,3,3502,3,1
0,30,8.1,8.3,7.2,0,6.5,4,6,3,87,0,5,3,3503,3,1
1,19,7.5,9.2,7.5,0,7.5,3,7,1,80,0,5,3,3504,3,1
0,18,9,9.7,8.1,0,6.5,5,4,1,84,0,5,3,3504,3,1
1,20,7,8.2,8.7,0,7,4,5,3,85,0,5,3,3501,3,1
1,19,8.4,8.1,8.1,0,7,3,5,1,82,0,5,3,3504,3,1
1,22,8.2,7.3,8.8,0,7.5,2,2,3,88,0,5,3,3501,3,1
1,18,9.3,8.7,8.2,0,8,0,3,2,82,0,5,3,3502,3,1
1,24,8,8.6,8.7,0,6.5,4,7,2,84,0,5,3,3504,3,1
0,21,7.1,7.8,7.1,0,6,2,2,2,83,0,5,3,3504,3,1
0,21,7.3,9.7,8.1,0,7.5,0,8,1,82,0,5,3,3501,3,1
1,23,8.5,7.9,7.9,0,8,5,7,1,83,0,5,3,3503,3,1
1,19,9.5,9.5,7.1,0,6.5,3,2,2,82,0,5,3,3504,3,1
1,22,8.8,9.1,8.6,0,8.5,2,7,2,88,0,5,3,3502,3,1
0,20,7.6,7.5,8.1,0,8.5,4,0,3,87,0,5,3,3504,3,1
1,19,7.1,9.4,7.7,0,6,2,5,2,80,0,5,3,3504,3,1
0,20,9.5,8.8,8.7,0,8,5,2,3,81,0,5,3,3503,3,1
0,19,7.6,7.9,8.8,0,8.5,3,7,2,90,0,5,3,3502,3,1
1,19,9.7,7.7,7.9,0,6.5,4,6,1,87,0,5,3,3503,3,1
0,30,8.1,8.6,7.3,0,7.5,5,3,2,88,0,5,3,3503,3,1
0,30,6.7,4.5,7,0,5.5,5,0,5,61,0,1,4,4101,3,0
0,33,5.4,4.9,6.9,0,6,2,0,3,71,0,1,4,4101,3,0
1,31,5.1,5.6,6.9,0,6.5,2,0,3,64,0,1,4,4102,3,0
0,33,5.4,5.1,5,0,5.5,5,0,4,73,0,1,4,4101,3,0
0,33,5.2,5.3,6.8,0,6.5,2,0,5,68,0,1,4,4102,3,0
0,21,8.3,9.7,9,0,7,3,4,1,81,0,1,4,4101,3,1
0,22,8.2,8.1,8.6,0,7.5,4,7,2,88,0,1,4,4101,3,1
1,20,8.7,8,8.4,0,7.5,0,1,2,89,0,1,4,4102,3,1
1,20,9.6,7.9,7.8,0,8,1,2,3,86,0,1,4,4102,3,1
0,22,8.8,9.7,7.6,0,6,3,2,1,85,0,1,4,4101,3,1
1,19,8.3,8.4,8.5,0,6.5,2,7,2,81,0,1,4,4101,3,1
1,27,7.4,7.7,9,0,6,0,4,2,87,0,1,4,4101,3,1
0,27,7.9,9.1,8.4,0,8,2,2,2,82,0,1,4,4101,3,1
0,20,7,8.3,8.2,0,7,1,0,2,89,0,1,4,4102,3,1
0,28,7.5,8,9,0,6.5,4,1,2,81,0,1,4,4102,3,1
0,21,9,7.2,8.6,0,8.5,5,2,2,86,0,1,4,4102,3,1
1,20,8.1,8.4,8.6,0,7,4,4,1,88,0,1,4,4101,3,1
1,28,7.1,9,8.6,0,5.5,3,5,2,82,0,1,4,4101,3,1
0,23,8.7,7.4,8.6,0,7,2,4,3,88,0,1,4,4101,3,1
1,30,8.7,9,8.4,0,7,0,6,2,81,0,1,4,4102,3,1
0,29,7.9,7.3,8.5,0,6,1,0,1,85,0,1,4,4101,3,1
0,21,7.7,8.3,7.4,0,7.5,1,0,5,78,0,2,4,4201,3,0
0,27,8,7.9,7.6,0,6,5,0,5,65,0,2,4,4201,3,0
0,22,7.3,8,7.3,0,8,3,0,5,68,0,2,4,4201,3,0
0,22,7.1,8.4,7,0,7.5,4,0,3,64,0,2,4,4201,3,0
0,26,7.1,7.4,7.5,0,8,5,0,3,63,0,2,4,4201,3,0
1,19,7.5,7.6,7.1,0,6,3,0,6,61,0,2,4,4201,3,0
0,25,7.2,8.4,7.2,0,7,0,0,3,60,0,2,4,4201,3,0
0,30,8,7.2,7.5,0,6,2,0,5,78,0,2,4,4201,3,0
1,25,8.8,8.5,7.3,0,7.5,4,1,2,89,0,2,4,4201,3,1
0,28,9.1,7.3,7.9,0,7,3,2,3,83,0,2,4,4201,3,1
0,18,9.8,9.2,8,0,8.5,4,6,2,85,0,2,4,4201,3,1
0,28,8.2,8.7,8.6,0,6,1,6,3,81,0,2,4,4201,3,1
0,29,8.4,9.1,7.5,0,6.5,3,2,2,82,0,2,4,4201,3,1
0,29,8.4,9.7,8.4,0,8,3,0,2,83,0,2,4,4201,3,1
1,27,7.3,7.2,7.9,0,8,5,4,2,82,0,2,4,4201,3,1
1,20,7.5,8.8,8.2,0,6,0,3,2,85,0,2,4,4201,3,1
0,24,7.6,8.8,7.5,0,6.5,1,6,3,87,0,2,4,4201,3,1
1,29,8.3,7.3,7.4,0,8.5,0,2,2,85,0,2,4,4201,3,1
0,30,8.9,9.7,7.2,0,8.5,5,5,2,86,0,2,4,4201,3,1
1,25,9.1,7.5,7.2,0,7.5,5,3,2,80,0,2,4,4201,3,1
0,26,7.1,7.7,8.4,0,7.5,4,8,3,85,0,2,4,4201,3,1
0,23,9.5,7.7,8.1,0,7,1,0,2,81,0,2,4,4201,3,1
0,28,8.4,9.2,8.6,0,6,1,1,2,85,0,2,4,4201,3,1
1,26,9.4,9.7,7.7,0,6,1,6,2,82,0,2,4,4201,3,1
1,23,8.8,7.3,7.6,0,7.5,0,7,1,81,0,2,4,4201,3,1
0,22,9.2,7.6,7.4,0,8,2,6,2,83,0,2,4,4201,3,1
1,29,9.2,8,7.2,0,7,1,1,2,88,0,2,4,4201,3,1
0,24,7.2,8.3,8.5,0,5.5,1,5,2,88,0,2,4,4201,3,1
0,28,8.9,8.7,8.8,0,7,4,3,1,90,0,2,4,4201,3,1
1,19,9.3,9.8,8.4,0,6.5,3,5,2,83,0,2,4,4201,3,1
0,20,7,7.9,7.8,0,5.5,3,0,3,61,0,3,4,4303,3,0
0,21,7.1,8.2,7.7,0,8,3,0,5,77,0,3,4,4301,3,0
0,20,7.5,7.4,7.2,0,7.5,0,0,5,72,0,3,4,4301,3,0
0,29,8.4,7.5,7.3,0,8,1,0,4,71,0,3,4,4301,3,0
1,28,7.7,8.3,7.9,0,7.5,4,0,5,72,0,3,4,4301,3,0
0,26,7.8,8.4,7.9,0,5.5,0,0,4,75,0,3,4,4301,3,0
0,19,7.8,9,8,0,6.5,2,5,3,89,0,3,4,4303,3,1
0,30,9.8,7.1,7.8,0,8.5,4,7,2,90,0,3,4,4303,3,1
0,22,8.6,8.5,7.1,0,6.5,1,6,1,81,0,3,4,4302,3,1
0,21,8.1,9.1,8.9,0,6,3,4,3,81,0,3,4,4301,3,1
0,20,7.8,8.8,8.8,0,6,3,6,2,88,0,3,4,4301,3,1
1,25,7.8,7.6,8.9,0,7,2,1,1,84,0,3,4,4302,3,1
1,28,9.1,7.1,9.1,0,5.5,1,3,2,88,0,3,4,4302,3,1
0,29,7.1,9.6,8.7,0,7,1,7,1,90,0,3,4,4302,3,1
1,30,9.2,7.5,9,0,6.5,1,4,3,88,0,3,4,4303,3,1
0,20,8.7,9.1,8.3,0,7,4,3,2,83,0,3,4,4301,3,1
0,26,8.9,9.5,7.6,0,7.5,3,7,1,85,0,3,4,4303,3,1
1,18,8.6,8.4,9,0,7,1,1,2,83,0,3,4,4302,3,1
1,26,8.1,8.2,7.1,0,6,3,0,1,88,0,3,4,4303,3,1
1,23,8.2,9.5,8.7,0,7.5,0,0,2,89,0,3,4,4301,3,1
0,25,7.2,8.5,7.5,0,7.5,4,5,1,80,0,3,4,4302,3,1
0,25,8.7,8.7,7.8,0,8,3,1,1,84,0,3,4,4302,3,1
0,29,8.1,9.3,7.4,0,8,2,4,2,82,0,3,4,4303,3,1
0,27,8.6,7.3,7.8,0,6.5,4,4,2,81,0,3,4,4303,3,1
0,24,9.2,7.7,9,0,7,1,4,3,89,0,3,4,4303,3,1
0,30,5.1,6.8,6.8,0,6,5,2,1,93,0,3,4,4303,3,1
1,36,5.7,5.3,4.7,0,6,2,0,2,96,0,3,4,4302,3,1
0,37,5.1,5.6,4.9,0,6,0,8,1,95,0,3,4,4303,3,1
1,35,6,5.3,5.5,0,5.5,0,6,1,92,0,3,4,4302,3,1
0,37,5.2,6.5,6.6,0,6.5,2,6,2,90,0,3,4,4303,3,1
1,31,5,5.3,4.7,0,5.5,4,1,1,92,0,3,4,4302,3,1
0,34,5.7,6.3,6.1,0,6.5,1,2,1,93,0,3,4,4301,3,1
0,31,6.8,6.8,5.2,0,6,3,2,3,92,0,3,4,4303,3,1
0,29,7.2,7.9,7.6,0,7,1,0,5,83,0,4,4,4401,3,0
0,20,8.5,7.4,7.3,0,7,2,0,4,83,0,4,4,4401,3,0
0,19,7.3,8,7.8,0,6.5,5,0,5,88,0,4,4,4401,3,0
1,19,8.4,7.4,7.2,0,7,2,0,5,83,0,4,4,4401,3,0
1,28,7.2,8.3,8,0,7.5,2,0,3,89,0,4,4,4401,3,0
0,19,8.3,7.1,7.6,0,6.5,2,0,6,82,0,4,4,4401,3,0
1,22,8.3,8.3,7.8,0,7,2,0,4,84,0,4,4,4401,3,0
0,24,7.7,7.6,7.6,0,7,2,0,6,82,0,4,4,4401,3,0
0,35,6.9,5.6,6.7,0,6,2,2,3,95,0,4,4,4401,3,1
0,36,5.4,6.5,5.1,0,6.5,1,3,3,95,0,4,4,4401,3,1
0,30,5.3,6.3,7,0,6.5,1,5,1,93,0,4,4,4401,3,1
1,30,5.4,5.3,5.7,0,6.5,5,6,2,91,0,4,4,4401,3,1
1,35,6.7,7,4.6,0,5.5,3,0,2,93,0,4,4,4401,3,1
0,34,6.1,5.4,6,0,6.5,5,5,1,95,0,4,4,4401,3,1
0,33,6.5,6.6,6.8,0,6,2,0,2,95,0,4,4,4401,3,1
0,32,6.3,6.4,6.8,0,5.5,3,1,2,95,0,4,4,4401,3,1
1,32,5.1,6.3,5.6,0,7,1,8,1,94,0,4,4,4401,3,1
1,36,5.4,6.2,5.1,0,6,5,1,2,96,0,4,4,4401,3,1
0,34,6.7,5.4,6.3,0,6,3,2,3,93,0,4,4,4401,3,1
1,35,6.8,6.2,6.5,0,6,3,4,3,94,0,4,4,4401,3,1
1,35,5.3,6.3,4.9,0,5.5,3,1,2,96,0,4,4,4401,3,1
0,37,6.8,6.8,5,0,6.5,1,2,3,94,0,4,4,4401,3,1
1,34,6.7,6.6,6.4,0,6,2,1,2,95,0,4,4,4401,3,1
0,34,5.7,5.7,5.3,0,6.5,4,2,1,96,0,4,4,4401,3,1
0,37,5.6,6.7,5,0,7,2,6,2,90,0,4,4,4401,3,1
1,37,5.2,5.2,6,0,6.5,4,6,2,94,0,4,4,4401,3,1
0,36,5.7,5.2,5,0,7,0,3,1,92,0,4,4,4401,3,1
0,32,6.6,6.4,5.5,0,5.5,2,2,3,95,0,4,4,4401,3,1
0,38,5.8,5.9,6.3,0,7,1,3,2,91,0,4,4,4401,3,1
1,38,6.9,5.5,5.1,0,5.5,1,6,2,90,0,4,4,4401,3,1
1,32,6.4,6.3,6.8,0,7,2,2,3,94,0,4,4,4401,3,1
1,38,6,6.8,6.4,0,7,4,5,2,94,0,4,4,4401,3,1
0,33,6.4,6.9,5.9,0,6,2,1,2,90,0,4,4,4401,3,1
1,36,6.5,6.2,5.8,0,6,2,1,2,95,0,4,4,4401,3,1
1,31,6.1,5.3,5.4,0,5.5,4,4,2,92,0,4,4,4401,3,1
0,35,6.4,6.7,4.6,0,6.5,4,7,3,91,0,4,4,4401,3,1
0,30,5,6.3,6.4,0,6.5,4,3,1,93,0,4,4,4401,3,1
0,33,6.3,6.9,6.7,0,7,3,2,2,96,0,4,4,4401,3,1
0,33,5.4,6.8,7,0,6.5,3,3,2,94,0,4,4,4401,3,1
1,32,6.3,6.8,6.4,0,6.5,0,2,1,95,0,4,4,4401,3,1
1,31,6.8,6.6,5,0,6,2,7,1,93,0,4,4,4401,3,1
0,36,6.9,6.4,4.7,0,6.5,3,0,2,92,0,4,4,4401,3,1
0,37,6.6,5.4,5.6,0,7,3,1,2,95,0,4,4,4401,3,1
1,37,5.4,5.4,6.9,4.8,6,2,4,2,92,0,4,4,4401,4,1
1,31,5.7,5.3,5.4,5,5.5,4,3,2,90,0,4,4,4401,4,1
0,33,5.2,5.5,6.7,5.4,7,3,6,2,95,0,4,4,4401,4,1
0,33,6.1,5.3,5.5,5.7,6,4,4,2,90,0,4,4,4401,4,1
1,30,6.7,6.1,5.6,4.7,6,1,1,1,93,0,4,4,4401,4,1
1,32,5.7,6.2,6.7,5.7,7,3,7,1,94,0,4,4,4401,4,1
0,38,5.9,5.5,5.7,5.9,6,1,5,2,93,0,4,4,4401,4,1
1,37,5,6.8,4.9,5.2,6.5,4,4,2,90,0,4,4,4401,4,1
0,31,6.7,6.9,5.7,5.8,6.5,3,4,2,95,0,4,4,4401,4,1
0,35,5.2,5.3,5,5.8,6,2,3,2,92,0,4,4,4401,4,1
0,37,6.9,6.8,5.9,5,6,0,2,2,94,0,4,4,4401,4,1
0,32,6.5,6.1,5.8,5.5,6.5,5,4,1,96,0,4,4,4401,4,1
0,32,6,6.6,5.6,5,5.5,1,4,2,92,0,4,4,4401,4,1
1,37,6.7,5.5,4.6,4.6,6,0,5,2,93,0,4,4,4401,4,1
0,32,5.2,6.1,5.2,5.3,5.5,3,1,2,90,0,4,4,4401,4,1
1,31,6.1,6.9,5.9,5.3,5.5,2,1,2,93,0,4,4,4401,4,1
0,38,6.5,6.5,6.6,4.9,6,3,1,1,95,0,4,4,4401,4,1
1,35,5.8,6.2,5.1,5.4,6,4,4,3,92,0,4,4,4401,4,1
1,38,6,5.7,6.6,5.9,5.5,5,6,2,95,0,4,4,4401,4,1
1,36,5.4,6.5,6.4,5.6,6.5,1,5,2,93,0,4,4,4401,4,1
1,31,5.6,6.5,6.5,5.7,5.5,1,1,1,95,0,4,4,4401,4,1
1,32,5.3,5.5,5.7,5.3,6,2,1,3,94,0,4,4,4401,4,1
1,33,5,6,6.6,4.7,6.5,1,5,1,96,0,4,4,4401,4,1
0,34,5.8,5.6,5.6,5.7,6.5,5,2,2,96,0,4,4,4401,4,1
0,38,6.8,5.8,4.8,4.9,5.5,4,4,3,93,0,4,4,4401,4,1
0,37,6.9,5,6.2,5.3,6,2,1,3,94,0,4,4,4401,4,1
1,33,6.9,5.1,6.3,4.7,6,5,7,1,96,0,4,4,4401,4,1
0,31,5.1,6.1,4.5,4.9,7,4,4,3,94,0,4,4,4401,4,1
1,35,6.6,5.7,6.7,5.3,6.5,2,0,1,93,0,4,4,4401,4,1
0,30,6.3,5,5.3,4.7,6,3,3,1,93,0,4,4,4401,4,1
0,30,5.6,5.7,5,4.8,6.5,3,7,3,93,0,4,4,4401,4,1
1,31,6.4,5.7,6.9,5.4,7,2,2,2,95,0,4,4,4401,4,1
1,33,6.2,6.3,5,4.6,6,4,3,3,93,0,4,4,4401,4,1
1,31,5.5,6,6.5,5.3,6,2,1,2,92,0,4,4,4401,4,1
0,35,6.6,5.9,5.1,5.7,6.5,4,3,3,95,0,4,4,4401,4,1
0,36,5.1,6.3,4.7,5.2,6.5,1,3,1,94,0,4,4,4401,4,1
1,31,6.9,6.1,5.8,5.1,6,4,4,1,95,0,4,4,4401,4,1
1,35,5,5.5,6.4,5.1,5.5,4,2,3,91,0,4,4,4401,4,1
1,38,6.6,5.2,5.8,4.7,7,1,5,2,91,0,4,4,4401,4,1
1,32,5.3,5.1,6.4,5.3,6,2,6,1,92,0,4,4,4401,4,1
1,38,6,5.1,5.3,4.8,6.5,0,6,3,94,0,4,4,4401,4,1
0,33,5,6,5.6,5.6,6,4,2,2,92,0,4,4,4401,4,1
1,31,5.3,5.4,5.6,4.7,6.5,2,2,2,92,0,4,4,4401,4,1
0,37,5.1,6,5.6,5.4,6,2,5,6,90,0,4,4,4401,4,1
1,30,5.7,5.3,6.3,4.7,7,1,4,5,95,0,4,4,4401,4,1
1,33,6.1,6.1,5.8,5.2,6.5,2,4,5,91,0,4,4,4401,4,1
0,35,6.5,5.9,4.5,4.7,6,3,8,5,95,0,4,4,4401,4,1
0,36,5.7,6.7,4.7,5,5.5,1,5,6,93,0,4,4,4401,4,1
1,37,6,6.8,6.4,5.5,5.5,4,0,5,90,0,4,4,4401,4,1
0,38,6.7,5,6.4,5,6,2,3,4,94,0,4,4,4401,4,1
0,33,6.3,5.7,4.7,5.7,5.5,1,7,6,95,0,4,4,4401,4,1
0,32,5.1,6,4.6,5.5,6,1,1,6,91,0,4,4,4401,4,1
0,35,5.1,6.4,6.2,4.5,6.5,3,1,6,92,0,4,4,4401,4,1
0,35,6.1,5.4,5.8,5.6,6,2,0,5,95,0,4,4,4401,4,1
1,30,5.7,6.3,4.8,4.6,5.5,5,3,6,95,0,4,4,4401,4,1
0,35,6.2,6.7,6.6,6,5.5,0,6,5,91,0,4,4,4401,4,1
1,37,6.2,6.1,5.7,5.3,6.5,3,8,5,92,0,4,4,4401,4,1
1,37,6.1,5.9,5.4,4.8,5.5,2,1,5,92,0,4,4,4401,4,1
0,38,5.5,6,6.7,5.4,6.5,4,4,5,93,0,4,4,4401,4,1
1,33,5.5,6,7,4.9,6.5,2,3,5,90,0,4,4,4401,4,1
0,34,6.9,5,4.6,4.6,6.5,0,7,6,96,0,4,4,4401,4,1
0,36,5.5,5.8,6.3,5.1,6,0,8,6,94,0,4,4,4401,4,1
0,31,5.1,5.6,5.8,5.5,7,4,3,4,95,0,4,4,4401,4,1
1,30,5.7,5.6,5.8,5,6,2,0,6,94,0,4,4,4401,4,1
0,24,7.4,7.6,7.3,6.8,8.5,0,0,4,85,0,5,4,4502,4,0
1,26,7.1,7,7.3,6.3,6,1,0,4,86,0,5,4,4501,4,0
1,28,7.8,8.3,7,7.2,6,2,0,6,89,0,5,4,4502,4,0
1,35,5.9,6.1,5.3,4.5,6.5,0,5,4,94,0,5,4,4501,4,1
1,32,6,5.7,5.5,5.6,6,2,8,6,93,0,5,4,4501,4,1
0,35,6.1,7,5,5.4,6,4,2,5,90,0,5,4,4501,4,1
0,37,5.9,5.1,6.5,5.3,6.5,4,5,6,94,0,5,4,4502,4,1
0,33,6.2,5.9,6.8,5.2,6.5,3,6,4,92,0,5,4,4501,4,1
1,32,5.7,6.5,6.6,5.8,6,1,3,5,94,0,5,4,4501,4,1
0,31,6.9,6.5,4.9,5.7,6,1,2,5,92,0,5,4,4502,4,1
1,21,7.5,7.8,7.4,7.1,8,3,0,4,85,0,1,5,5102,4,0
1,24,7.7,7.2,7,7.7,7,1,0,5,81,0,1,5,5103,4,0
0,30,8,7.9,7.2,5.4,7.5,0,0,4,82,0,1,5,5101,4,0
1,30,7.9,8.5,7.4,6.4,7,4,0,6,89,0,1,5,5101,4,0
0,28,7.5,7.7,7,5.3,7,3,0,5,83,0,1,5,5101,4,0
1,19,7.1,7.8,7.6,5.9,6.5,1,0,4,83,0,1,5,5101,4,0
1,26,7.9,8.1,7.5,5.2,8,2,0,6,84,0,1,5,5101,4,0
0,24,7.1,7.9,7.4,6.4,8.5,2,0,3,89,0,1,5,5101,4,0
1,26,8.3,8.3,7.1,7.1,6.5,0,0,4,86,0,1,5,5102,4,0
1,32,6.9,6.4,6.2,5.3,7,3,0,5,92,0,1,5,5102,4,1
1,30,6.9,6.3,5.2,5.4,6.5,5,5,5,93,0,1,5,5101,4,1
0,31,6.8,5.2,6.8,5.1,6.5,4,2,5,93,0,1,5,5101,4,1
0,37,6.6,5.6,4.9,4.8,6.5,1,4,6,92,0,1,5,5103,4,1
1,35,5.7,5.6,5.2,5.2,7,2,4,5,92,0,1,5,5103,4,1
0,33,5.8,7,4.7,4.9,7,2,7,6,94,0,1,5,5101,4,1
0,36,6.3,6.1,5.7,5.5,6.5,4,6,4,94,0,1,5,5102,4,1
1,34,5.2,5.5,4.8,5.6,6.5,3,2,6,93,0,1,5,5102,4,1
1,35,6.1,6.5,5.6,5.1,7,3,6,6,90,0,1,5,5103,4,1
0,31,5.2,5.7,4.8,5.2,6.5,3,5,5,90,0,1,5,5101,4,1
1,31,5.7,5.6,5,5.4,7,4,6,5,92,0,1,5,5103,4,1
1,33,6.3,6.8,6.8,5.1,7,2,0,6,91,0,1,5,5101,4,1
1,31,6.6,5.6,5.9,4.8,6.5,1,0,4,91,0,1,5,5101,4,1
0,31,6.7,5.7,5.4,5.5,6.5,5,6,4,91,0,1,5,5103,4,1
0,30,5.5,6.3,6.6,4.7,7,5,6,6,95,0,1,5,5103,4,1
1,24,7.6,7.6,7.2,6.3,7,1,0,4,90,0,2,5,5204,4,0
0,20,8.4,7.1,8,8.2,8.5,4,0,6,82,0,2,5,5204,4,0
1,21,8.2,8.2,7.7,5.4,8.5,4,0,4,82,0,2,5,5204,4,0
0,21,7.9,7,7.2,5.8,7.5,4,0,4,84,0,2,5,5204,4,0
1,28,7.2,8.2,7.2,6.1,8,4,0,3,81,0,2,5,5203,4,0
0,19,8.2,8.2,7.7,7.2,7,4,0,3,82,0,2,5,5203,4,0
0,20,7.2,7.9,7.4,5.9,7,3,0,5,88,0,2,5,5204,4,0
0,20,7.4,7.7,7.3,7.3,7.5,2,0,6,88,0,2,5,5203,4,0
0,34,5.4,6.3,5.7,5.6,7,0,2,6,90,0,2,5,5202,4,1
1,30,5.3,5.8,4.6,5.8,7,4,1,6,95,0,2,5,5204,4,1
1,34,5.9,6.3,4.6,4.7,7,3,8,6,93,0,2,5,5202,4,1
1,37,6,6.8,6.2,4.7,6.5,5,4,5,96,0,2,5,5203,4,1
0,25,7.7,7.6,7.3,7.3,8,2,0,4,89,0,3,5,5305,4,0
0,26,8,8.1,7.7,7,6.5,1,0,4,85,0,3,5,5302,4,0
1,25,7.8,7,7.8,5.8,8.5,3,0,6,85,0,3,5,5302,4,0
0,27,7.7,7.6,7.9,7.4,8,1,0,4,83,0,3,5,5305,4,0
1,20,7.6,7.6,7.6,6.1,6.5,4,0,5,83,0,3,5,5305,4,0
0,22,7.1,8,7.3,8.1,7.5,4,0,3,87,0,3,5,5301,4,0
0,21,8.5,8.3,7.1,5.3,8.5,4,0,4,85,0,3,5,5303,4,0
1,33,7,6.4,6.1,5.6,6.5,0,2,6,92,0,3,5,5303,4,1
1,33,6.1,5.3,6.7,5.1,7,4,4,4,96,0,3,5,5303,4,1
0,31,6.9,5.5,5,4.5,6.5,3,7,4,91,0,3,5,5303,4,1
1,36,5.2,5.7,4.5,5.9,6.5,2,5,6,95,0,3,5,5302,4,1
1,35,6.5,5.9,5.5,4.5,6.5,3,7,6,91,0,3,5,5304,4,1
0,34,6.1,6.5,5.7,5.1,7,2,8,5,94,0,3,5,5301,4,1
0,36,5.5,6.4,6,5.4,6.5,3,0,6,95,0,3,5,5301,4,1
1,38,6.6,5.4,5.5,5.2,6.5,4,3,4,93,0,3,5,5301,4,1
0,33,6.5,6.6,6.5,5.2,6.5,2,8,4,94,0,3,5,5304,4,1
0,36,6.4,5.6,5.7,4.8,6.5,3,8,6,90,0,3,5,5304,4,1
0,30,5.3,6.7,5.6,5.7,6.5,4,6,5,95,0,3,5,5304,4,1
0,33,6.4,5.4,4.7,5,6.5,3,5,4,94,0,3,5,5304,4,1
0,30,6.6,6.2,5.5,5.6,6.5,2,7,5,96,0,3,5,5301,4,1
1,33,5.1,5.3,6.2,5.7,6.5,0,6,5,91,0,3,5,5302,4,1
1,34,5.5,6.4,5.9,5.9,7,1,3,6,94,1,3,5,5304,4,1
1,31,5.3,6.3,4.6,5.6,7,5,2,4,91,0,3,5,5302,4,1
0,33,6.5,5.8,5.9,5.5,6.5,5,5,6,92,1,3,5,5302,4,1
0,36,5.8,5.2,6.2,4.8,7,3,6,5,90,1,3,5,5305,4,1
1,32,5.8,6.2,5.3,5.8,6.5,3,4,4,96,1,3,5,5305,4,1
1,36,6.4,5.5,5.3,5.9,6.5,2,7,5,94,1,3,5,5303,4,1
0,30,6,6.6,5.2,5.2,6.5,0,1,6,90,1,3,5,5303,4,1
1,31,6,5.9,5.1,5.1,6.5,2,6,4,95,1,3,5,5303,4,1
0,32,6.2,6.5,5.5,4.8,6.5,3,2,6,91,2,3,5,5305,4,1
0,34,6.4,5.4,4.9,5.1,6.5,0,5,5,95,0,3,5,5301,4,1
1,38,5.8,6.2,5.5,4.5,6.5,1,2,5,95,0,3,5,5305,4,1
1,23,7.7,7.9,7.1,7.2,7,1,0,5,86,0,4,5,5405,4,0
1,30,8.2,7.2,7.9,6.5,7,2,0,3,89,0,4,5,5404,4,0
1,19,7.4,8.1,7.2,7.3,8,0,0,3,84,0,4,5,5402,4,0
1,30,7.8,8.2,7,7.8,6.5,4,0,4,86,0,4,5,5405,4,0
0,38,5.3,6.2,6.4,5.9,7,3,4,6,93,1,4,5,5404,4,1
1,31,6.2,6.7,5.7,4.9,7,3,4,5,94,1,4,5,5402,4,1
1,32,6.4,5.6,6.7,4.6,6.5,1,8,6,93,1,4,5,5405,4,1
1,32,6.9,6.3,5.6,5,6.5,0,0,4,90,0,4,5,5401,4,1
1,33,5.1,5.8,4.6,4.9,7,1,0,5,95,2,4,5,5403,4,1
0,31,6,7,6,5,7,0,4,5,93,0,4,5,5404,4,1
1,38,7,5.1,6.7,5,7,1,4,4,96,1,4,5,5405,4,1
1,36,6.9,6.5,5.8,5.9,6.5,3,4,5,95,1,4,5,5405,4,1
1,37,6.1,5.1,5.8,5.6,7,5,2,4,96,1,4,5,5404,4,1
0,30,8.2,7.5,7.1,5.1,6.5,3,0,5,85,0,5,5,5501,4,0
1,29,8.2,8.1,7.5,6.3,7.5,1,0,6,80,0,5,5,5501,4,0
1,23,8.1,8.2,7.7,5.9,8,2,0,6,87,0,5,5,5501,4,0
0,30,5.7,5.4,6.4,5,6.5,4,4,5,91,2,5,5,5501,4,1
0,31,5.1,6.9,6.7,5.3,6.5,2,5,6,92,0,5,5,5501,4,1
1,31,6.6,6.4,5.6,5.5,7,0,4,5,93,2,5,5,5501,4,1
0,35,7,5.8,6.7,5.9,7,3,2,4,90,1,5,5,5501,4,1
0,31,5.1,6,4.9,4.7,6.5,2,8,5,94,0,5,5,5501,4,1
